game_id,home_team,away_team,away_target,home_target,spread_line,total_line,away_score,home_score,spread,total,predicted,season,week
2020_10_CIN_PIT,PIT,CIN,19.5,26.0,6.5,45.5,10.0,36.0,26.0,46.0,6.6472287,2020,10
2020_10_DEN_LV,LV,DEN,23.5,27.0,3.5,50.5,12.0,37.0,25.0,49.0,5.8111973,2020,10
2020_10_HOU_CLE,CLE,HOU,20.75,25.25,4.5,46.0,7.0,10.0,3.0,17.0,-4.701213,2020,10
2020_10_IND_TEN,TEN,IND,25.0,24.0,-1.0,49.0,34.0,17.0,-17.0,51.0,6.341655,2020,10
2020_10_JAX_GB,GB,JAX,16.75,30.25,13.5,47.0,20.0,24.0,4.0,44.0,16.032745,2020,10
2020_10_LAC_MIA,MIA,LAC,23.75,24.75,1.0,48.5,21.0,29.0,8.0,50.0,7.94071,2020,10
2020_10_MIN_CHI,CHI,MIN,23.75,20.25,-3.5,44.0,19.0,13.0,-6.0,32.0,-0.24566126,2020,10
2020_10_PHI_NYG,NYG,PHI,24.75,20.25,-4.5,45.0,17.0,27.0,10.0,44.0,-1.2066679,2020,10
2020_10_SEA_LA,LA,SEA,26.0,29.0,3.0,55.0,16.0,23.0,7.0,39.0,-0.6693289,2020,10
2020_10_SF_NO,NO,SF,20.0,29.5,9.5,49.5,13.0,27.0,14.0,40.0,3.8331647,2020,10
2020_10_TB_CAR,CAR,TB,27.75,21.75,-6.0,49.5,46.0,23.0,-23.0,69.0,-6.465271,2020,10
2020_10_WAS_DET,DET,WAS,21.75,24.25,2.5,46.0,27.0,30.0,3.0,57.0,-1.3100023,2020,10
2020_11_ARI_SEA,SEA,ARI,26.75,29.75,3.0,56.5,21.0,28.0,7.0,49.0,2.2111545,2020,11
2020_11_ATL_NO,NO,ATL,23.0,26.5,3.5,49.5,9.0,24.0,15.0,33.0,4.3633623,2020,11
2020_11_CIN_WAS,WAS,CIN,23.0,25.0,2.0,48.0,9.0,20.0,11.0,29.0,-0.69640756,2020,11
2020_11_DAL_MIN,MIN,DAL,21.5,28.5,7.0,50.0,31.0,28.0,-3.0,59.0,4.7531066,2020,11
2020_11_DET_CAR,CAR,DET,25.0,22.0,-3.0,47.0,0.0,20.0,20.0,20.0,3.4943776,2020,11
2020_11_GB_IND,IND,GB,25.25,26.75,1.5,52.0,31.0,34.0,3.0,65.0,-0.6314676,2020,11
2020_11_KC_LV,LV,KC,32.0,24.5,-7.5,56.5,35.0,31.0,-4.0,66.0,-5.019272,2020,11
2020_11_LA_TB,TB,LA,21.75,25.75,4.0,47.5,27.0,24.0,-3.0,51.0,1.3075635,2020,11
2020_11_MIA_DEN,DEN,MIA,25.0,21.0,-4.0,46.0,13.0,20.0,7.0,33.0,-4.2681274,2020,11
2020_11_NE_HOU,HOU,NE,26.0,23.5,-2.5,49.5,20.0,27.0,7.0,47.0,-1.3680768,2020,11
2020_11_NYJ_LAC,LAC,NYJ,18.5,28.5,10.0,47.0,28.0,34.0,6.0,62.0,2.6513019,2020,11
2020_11_PHI_CLE,CLE,PHI,21.5,24.0,2.5,45.5,17.0,22.0,5.0,39.0,1.8615645,2020,11
2020_11_PIT_JAX,JAX,PIT,29.0,18.0,-11.0,47.0,27.0,3.0,-24.0,30.0,-8.4381275,2020,11
2020_11_TEN_BAL,BAL,TEN,22.25,28.25,6.0,50.5,30.0,24.0,-6.0,54.0,4.21774,2020,11
2020_12_ARI_NE,NE,ARI,26.0,25.0,-1.0,51.0,17.0,20.0,3.0,37.0,-0.49877596,2020,12
2020_12_BAL_PIT,PIT,BAL,15.5,26.0,10.5,41.5,14.0,19.0,5.0,33.0,2.0395145,2020,12
2020_12_CAR_MIN,MIN,CAR,23.5,26.5,3.0,50.0,27.0,28.0,1.0,55.0,4.93839,2020,12
2020_12_CHI_GB,GB,CHI,18.25,25.75,7.5,44.0,25.0,41.0,16.0,66.0,9.962947,2020,12
2020_12_CLE_JAX,JAX,CLE,28.0,20.5,-7.5,48.5,27.0,25.0,-2.0,52.0,-0.28167176,2020,12
2020_12_HOU_DET,DET,HOU,27.75,24.75,-3.0,52.5,41.0,25.0,-16.0,66.0,-1.9562936,2020,12
2020_12_KC_TB,TB,KC,29.75,26.25,-3.5,56.0,27.0,24.0,-3.0,51.0,-1.3464246,2020,12
2020_12_LAC_BUF,BUF,LAC,23.25,27.75,4.5,51.0,17.0,27.0,10.0,44.0,9.840523,2020,12
2020_12_LV_ATL,ATL,LV,28.25,24.75,-3.5,53.0,6.0,43.0,37.0,49.0,2.2483919,2020,12
2020_12_MIA_NYJ,NYJ,MIA,26.75,19.25,-7.5,46.0,20.0,3.0,-17.0,23.0,-4.2144094,2020,12
2020_12_NO_DEN,DEN,NO,26.75,9.75,-17.0,36.5,31.0,3.0,-28.0,34.0,-8.452531,2020,12
2020_12_NYG_CIN,CIN,NYG,25.75,19.25,-6.5,45.0,19.0,17.0,-2.0,36.0,-0.94736767,2020,12
2020_12_SEA_PHI,PHI,SEA,28.25,21.75,-6.5,50.0,23.0,17.0,-6.0,40.0,-6.5303125,2020,12
2020_12_SF_LA,LA,SF,19.75,24.75,5.0,44.5,23.0,20.0,-3.0,43.0,1.6276251,2020,12
2020_12_TEN_IND,IND,TEN,24.25,27.25,3.0,51.5,45.0,26.0,-19.0,71.0,2.7460613,2020,12
2020_12_WAS_DAL,DAL,WAS,21.75,24.25,2.5,46.0,41.0,16.0,-25.0,57.0,0.59638786,2020,12
2020_13_BUF_SF,SF,BUF,23.25,24.75,1.5,48.0,34.0,24.0,-10.0,58.0,1.8030678,2020,13
2020_13_CIN_MIA,MIA,CIN,16.25,26.75,10.5,43.0,7.0,19.0,12.0,26.0,8.341915,2020,13
2020_13_CLE_TEN,TEN,CLE,25.0,29.0,4.0,54.0,41.0,35.0,-6.0,76.0,12.722079,2020,13
2020_13_DAL_BAL,BAL,DAL,18.75,27.25,8.5,46.0,17.0,34.0,17.0,51.0,7.7072163,2020,13
2020_13_DEN_KC,KC,DEN,19.0,32.0,13.0,51.0,16.0,22.0,6.0,38.0,12.207498,2020,13
2020_13_DET_CHI,CHI,DET,20.5,23.5,3.0,44.0,34.0,30.0,-4.0,64.0,4.661603,2020,13
2020_13_IND_HOU,HOU,IND,26.75,23.25,-3.5,50.0,26.0,20.0,-6.0,46.0,0.8215866,2020,13
2020_13_JAX_MIN,MIN,JAX,20.25,30.75,10.5,51.0,24.0,27.0,3.0,51.0,9.751873,2020,13
2020_13_LA_ARI,ARI,LA,25.75,23.25,-2.5,49.0,38.0,28.0,-10.0,66.0,1.5560673,2020,13
2020_13_LV_NYJ,NYJ,LV,27.75,20.25,-7.5,48.0,31.0,28.0,-3.0,59.0,-9.789241,2020,13
2020_13_NE_LAC,LAC,NE,22.25,24.75,2.5,47.0,45.0,0.0,-45.0,45.0,-4.4657965,2020,13
2020_13_NO_ATL,ATL,NO,24.25,21.75,-2.5,46.0,21.0,16.0,-5.0,37.0,-4.2848687,2020,13
2020_13_NYG_SEA,SEA,NYG,18.75,29.75,11.0,48.5,17.0,12.0,-5.0,29.0,6.9960394,2020,13
2020_13_PHI_GB,GB,PHI,21.0,29.0,8.0,50.0,16.0,30.0,14.0,46.0,13.470915,2020,13
2020_13_WAS_PIT,PIT,WAS,19.0,24.5,5.5,43.5,23.0,17.0,-6.0,40.0,11.269472,2020,13
2020_14_ARI_NYG,NYG,ARI,25.0,22.0,-3.0,47.0,26.0,7.0,-19.0,33.0,0.81766105,2020,14
2020_14_ATL_LAC,LAC,ATL,24.0,25.0,1.0,49.0,17.0,20.0,3.0,37.0,-8.00948,2020,14
2020_14_BAL_CLE,CLE,BAL,24.25,21.25,-3.0,45.5,47.0,42.0,-5.0,89.0,-1.6036439,2020,14
2020_14_DAL_CIN,CIN,DAL,23.5,20.5,-3.0,44.0,30.0,7.0,-23.0,37.0,-1.6167812,2020,14
2020_14_DEN_CAR,CAR,DEN,21.0,25.0,4.0,46.0,32.0,27.0,-5.0,59.0,1.4856339,2020,14
2020_14_GB_DET,DET,GB,32.5,23.0,-9.5,55.5,31.0,24.0,-7.0,55.0,-3.2426028,2020,14
2020_14_HOU_CHI,CHI,HOU,23.5,22.5,-1.0,46.0,7.0,36.0,29.0,43.0,1.1240449,2020,14
2020_14_IND_LV,LV,IND,27.0,24.5,-2.5,51.5,44.0,27.0,-17.0,71.0,2.6650078,2020,14
2020_14_KC_MIA,MIA,KC,29.5,22.0,-7.5,51.5,33.0,27.0,-6.0,60.0,-3.690483,2020,14
2020_14_MIN_TB,TB,MIN,22.75,29.75,7.0,52.5,14.0,26.0,12.0,40.0,9.376888,2020,14
2020_14_NE_LA,LA,NE,19.25,24.25,5.0,43.5,3.0,24.0,21.0,27.0,1.6611551,2020,14
2020_14_NO_PHI,PHI,NO,25.25,17.75,-7.5,43.0,21.0,24.0,3.0,45.0,-10.741388,2020,14
2020_14_NYJ_SEA,SEA,NYJ,16.5,33.0,16.5,49.5,3.0,40.0,37.0,43.0,15.072692,2020,14
2020_14_PIT_BUF,BUF,PIT,23.25,25.25,2.0,48.5,15.0,26.0,11.0,41.0,4.084143,2020,14
2020_14_TEN_JAX,JAX,TEN,30.25,22.75,-7.5,53.0,31.0,10.0,-21.0,41.0,-10.369298,2020,14
2020_14_WAS_SF,SF,WAS,20.25,23.25,3.0,43.5,23.0,15.0,-8.0,38.0,5.7852697,2020,14
2020_15_BUF_DEN,DEN,BUF,27.25,21.75,-5.5,49.0,48.0,19.0,-29.0,67.0,-1.5104008,2020,15
2020_15_CAR_GB,GB,CAR,21.75,31.25,9.5,53.0,16.0,24.0,8.0,40.0,4.1722555,2020,15
2020_15_CHI_MIN,MIN,CHI,22.5,25.0,2.5,47.5,33.0,27.0,-6.0,60.0,2.4984877,2020,15
2020_15_CLE_NYG,NYG,CLE,25.25,19.25,-6.0,44.5,20.0,6.0,-14.0,26.0,0.8484504,2020,15
2020_15_DET_TEN,TEN,DET,22.5,32.0,9.5,54.5,25.0,46.0,21.0,71.0,11.769185,2020,15
2020_15_HOU_IND,IND,HOU,22.5,30.0,7.5,52.5,20.0,27.0,7.0,47.0,6.728031,2020,15
2020_15_JAX_BAL,BAL,JAX,18.25,31.25,13.0,49.5,14.0,40.0,26.0,54.0,14.779411,2020,15
2020_15_KC_NO,NO,KC,28.0,25.5,-2.5,53.5,32.0,29.0,-3.0,61.0,5.1027546,2020,15
2020_15_LAC_LV,LV,LAC,24.25,27.75,3.5,52.0,30.0,27.0,-3.0,57.0,6.956426,2020,15
2020_15_NE_MIA,MIA,NE,20.75,19.25,-1.5,40.0,12.0,22.0,10.0,34.0,-0.16033411,2020,15
2020_15_NYJ_LA,LA,NYJ,13.5,31.0,17.5,44.5,23.0,20.0,-3.0,43.0,10.407749,2020,15
2020_15_PHI_ARI,ARI,PHI,21.5,28.0,6.5,49.5,26.0,33.0,7.0,59.0,8.501657,2020,15
2020_15_PIT_CIN,CIN,PIT,27.5,13.0,-14.5,40.5,17.0,27.0,10.0,44.0,-6.72425,2020,15
2020_15_SEA_WAS,WAS,SEA,25.25,19.25,-6.0,44.5,20.0,15.0,-5.0,35.0,-2.8780398,2020,15
2020_15_SF_DAL,DAL,SF,25.0,21.0,-4.0,46.0,33.0,41.0,8.0,74.0,-1.9645228,2020,15
2020_15_TB_ATL,ATL,TB,27.75,21.75,-6.0,49.5,31.0,27.0,-4.0,58.0,-0.61626434,2020,15
2020_16_ATL_KC,KC,ATL,21.5,32.5,11.0,54.0,14.0,17.0,3.0,31.0,7.2699575,2020,16
2020_16_BUF_NE,NE,BUF,27.0,20.0,-7.0,47.0,38.0,9.0,-29.0,47.0,0.1908958,2020,16
2020_16_CAR_WAS,WAS,CAR,21.0,20.0,-1.0,41.0,20.0,13.0,-7.0,33.0,3.8671288,2020,16
2020_16_CHI_JAX,JAX,CHI,28.25,18.75,-9.5,47.0,41.0,17.0,-24.0,58.0,-5.220433,2020,16
2020_16_CIN_HOU,HOU,CIN,19.25,26.75,7.5,46.0,37.0,31.0,-6.0,68.0,0.75099087,2020,16
2020_16_CLE_NYJ,NYJ,CLE,25.75,19.25,-6.5,45.0,16.0,23.0,7.0,39.0,-2.0726242,2020,16
2020_16_DEN_LAC,LAC,DEN,22.5,25.0,2.5,47.5,16.0,19.0,3.0,35.0,1.647812,2020,16
2020_16_IND_PIT,PIT,IND,22.0,21.0,-1.0,43.0,24.0,28.0,4.0,52.0,-0.7325802,2020,16
2020_16_LA_SEA,SEA,LA,23.25,24.75,1.5,48.0,9.0,20.0,11.0,29.0,3.8245654,2020,16
2020_16_MIA_LV,LV,MIA,26.0,24.0,-2.0,50.0,26.0,25.0,-1.0,51.0,3.97112,2020,16
2020_16_MIN_NO,NO,MIN,21.25,27.75,6.5,49.0,33.0,52.0,19.0,85.0,10.110089,2020,16
2020_16_NYG_BAL,BAL,NYG,16.75,26.75,10.0,43.5,13.0,27.0,14.0,40.0,9.603438,2020,16
2020_16_PHI_DAL,DAL,PHI,26.5,23.5,-3.0,50.0,17.0,37.0,20.0,54.0,2.325255,2020,16
2020_16_SF_ARI,ARI,SF,21.5,27.5,6.0,49.0,20.0,12.0,-8.0,32.0,3.5714283,2020,16
2020_16_TB_DET,DET,TB,33.5,21.5,-12.0,55.0,47.0,7.0,-40.0,54.0,-8.504706,2020,16
2020_16_TEN_GB,GB,TEN,24.75,27.75,3.0,52.5,14.0,40.0,26.0,54.0,1.7351384,2020,16
2020_17_ARI_LA,LA,ARI,20.5,21.5,1.0,42.0,7.0,18.0,11.0,25.0,1.3539851,2020,17
2020_17_ATL_TB,TB,ATL,21.75,29.25,7.5,51.0,27.0,44.0,17.0,71.0,8.21987,2020,17
2020_17_BAL_CIN,CIN,BAL,29.75,16.25,-13.5,46.0,38.0,3.0,-35.0,41.0,-9.550492,2020,17
2020_17_DAL_NYG,NYG,DAL,23.0,21.5,-1.5,44.5,19.0,23.0,4.0,42.0,-0.73173094,2020,17
2020_17_GB_CHI,CHI,GB,26.5,22.0,-4.5,48.5,35.0,16.0,-19.0,51.0,-0.84794235,2020,17
2020_17_JAX_IND,IND,JAX,16.25,31.75,15.5,48.0,14.0,28.0,14.0,42.0,15.292513,2020,17
2020_17_LAC_KC,KC,LAC,25.0,18.0,-7.0,43.0,38.0,21.0,-17.0,59.0,11.074894,2020,17
2020_17_LV_DEN,DEN,LV,26.5,24.0,-2.5,50.5,32.0,31.0,-1.0,63.0,-4.0229273,2020,17
2020_17_MIA_BUF,BUF,MIA,23.0,19.5,-3.5,42.5,26.0,56.0,30.0,82.0,8.279684,2020,17
2020_17_MIN_DET,DET,MIN,28.5,25.5,-3.0,54.0,37.0,35.0,-2.0,72.0,-0.1822989,2020,17
2020_17_NO_CAR,CAR,NO,26.5,20.5,-6.0,47.0,33.0,7.0,-26.0,40.0,-2.9284277,2020,17
2020_17_NYJ_NE,NE,NYJ,19.0,22.0,3.0,41.0,14.0,28.0,14.0,42.0,7.8722515,2020,17
2020_17_PIT_CLE,CLE,PIT,17.25,27.75,10.5,45.0,22.0,24.0,2.0,46.0,0.6480026,2020,17
2020_17_SEA_SF,SF,SEA,26.0,19.0,-7.0,45.0,26.0,23.0,-3.0,49.0,-1.2045159,2020,17
2020_17_TEN_HOU,HOU,TEN,31.25,24.25,-7.0,55.5,41.0,38.0,-3.0,79.0,-6.436578,2020,17
2020_17_WAS_PHI,PHI,WAS,25.0,18.5,-6.5,43.5,20.0,14.0,-6.0,34.0,1.2378376,2020,17
2021_01_ARI_TEN,TEN,ARI,25.75,28.25,2.5,54.0,38.0,13.0,-25.0,51.0,3.039451,2021,01
2021_01_BAL_LV,LV,BAL,26.75,23.75,-3.0,50.5,27.0,33.0,6.0,60.0,-4.7081327,2021,01
2021_01_CHI_LA,LA,CHI,18.25,27.75,9.5,46.0,14.0,34.0,20.0,48.0,-1.8468585,2021,01
2021_01_CLE_KC,KC,CLE,24.5,30.0,5.5,54.5,29.0,33.0,4.0,62.0,6.786791,2021,01
2021_01_DAL_TB,TB,DAL,21.25,31.25,10.0,52.5,29.0,31.0,2.0,60.0,9.780081,2021,01
2021_01_DEN_NYG,NYG,DEN,22.25,19.25,-3.0,41.5,27.0,13.0,-14.0,40.0,3.28117,2021,01
2021_01_GB_NO,NO,GB,26.5,22.5,-4.0,49.0,3.0,38.0,35.0,41.0,1.9418821,2021,01
2021_01_JAX_HOU,HOU,JAX,24.5,21.0,-3.5,45.5,21.0,37.0,16.0,58.0,6.556223,2021,01
2021_01_LAC_WAS,WAS,LAC,21.5,24.0,2.5,45.5,20.0,16.0,-4.0,36.0,1.6747576,2021,01
2021_01_MIA_NE,NE,MIA,20.0,23.5,3.5,43.5,17.0,16.0,-1.0,33.0,-4.642584,2021,01
2021_01_MIN_CIN,CIN,MIN,25.0,22.0,-3.0,47.0,24.0,27.0,3.0,51.0,-1.4190855,2021,01
2021_01_NYJ_CAR,CAR,NYJ,20.5,24.0,3.5,44.5,14.0,19.0,5.0,33.0,7.4211125,2021,01
2021_01_PHI_ATL,ATL,PHI,22.75,26.25,3.5,49.0,32.0,6.0,-26.0,38.0,6.4649115,2021,01
2021_01_PIT_BUF,BUF,PIT,20.75,27.25,6.5,48.0,23.0,16.0,-7.0,39.0,9.77705,2021,01
2021_01_SEA_IND,IND,SEA,26.0,23.0,-3.0,49.0,28.0,16.0,-12.0,44.0,1.0077395,2021,01
2021_01_SF_DET,DET,SF,27.75,18.25,-9.5,46.0,41.0,33.0,-8.0,74.0,-2.8962398,2021,01
2021_02_ATL_TB,TB,ATL,19.25,32.75,13.5,52.0,25.0,48.0,23.0,73.0,14.302093,2021,02
2021_02_BUF_MIA,MIA,BUF,25.75,22.25,-3.5,48.0,35.0,0.0,-35.0,35.0,-9.327116,2021,02
2021_02_CIN_CHI,CHI,CIN,21.25,23.25,2.0,44.5,17.0,20.0,3.0,37.0,7.3134475,2021,02
2021_02_DAL_LAC,LAC,DAL,26.0,29.0,3.0,55.0,20.0,17.0,-3.0,37.0,-0.44869828,2021,02
2021_02_DEN_JAX,JAX,DEN,25.5,19.5,-6.0,45.0,23.0,13.0,-10.0,36.0,-5.2514095,2021,02
2021_02_DET_GB,GB,DET,19.0,30.5,11.5,49.5,17.0,35.0,18.0,52.0,9.130045,2021,02
2021_02_HOU_CLE,CLE,HOU,17.5,31.0,13.5,48.5,21.0,31.0,10.0,52.0,0.87719893,2021,02
2021_02_KC_BAL,BAL,KC,28.5,25.0,-3.5,53.5,35.0,36.0,1.0,71.0,1.8136487,2021,02
2021_02_LA_IND,IND,LA,26.0,22.0,-4.0,48.0,27.0,24.0,-3.0,51.0,1.8661878,2021,02
2021_02_LV_PIT,PIT,LV,20.5,26.0,5.5,46.5,26.0,17.0,-9.0,43.0,3.6301336,2021,02
2021_02_MIN_ARI,ARI,MIN,23.5,27.5,4.0,51.0,33.0,34.0,1.0,67.0,4.538273,2021,02
2021_02_NE_NYJ,NYJ,NE,24.25,18.75,-5.5,43.0,25.0,6.0,-19.0,31.0,-6.167204,2021,02
2021_02_NO_CAR,CAR,NO,24.0,21.0,-3.0,45.0,7.0,26.0,19.0,33.0,-7.009286,2021,02
2021_02_NYG_WAS,WAS,NYG,19.0,23.0,4.0,42.0,29.0,30.0,1.0,59.0,1.039407,2021,02
2021_02_SF_PHI,PHI,SF,26.0,23.0,-3.0,49.0,17.0,11.0,-6.0,28.0,-2.6560497,2021,02
2021_02_TEN_SEA,SEA,TEN,23.5,30.0,6.5,53.5,33.0,30.0,-3.0,63.0,3.8208244,2021,02
2021_03_ARI_JAX,JAX,ARI,29.75,21.75,-8.0,51.5,31.0,19.0,-12.0,50.0,-10.099481,2021,03
2021_03_ATL_NYG,NYG,ATL,22.5,25.5,3.0,48.0,17.0,14.0,-3.0,31.0,-1.0182362,2021,03
2021_03_BAL_DET,DET,BAL,29.25,21.75,-7.5,51.0,19.0,17.0,-2.0,36.0,-4.5444584,2021,03
2021_03_CAR_HOU,HOU,CAR,25.5,17.5,-8.0,43.0,24.0,9.0,-15.0,33.0,0.9265504,2021,03
2021_03_CHI_CLE,CLE,CHI,18.75,26.25,7.5,45.0,6.0,26.0,20.0,32.0,-0.06695223,2021,03
2021_03_CIN_PIT,PIT,CIN,20.0,22.5,2.5,42.5,24.0,10.0,-14.0,34.0,6.4740744,2021,03
2021_03_GB_SF,SF,GB,23.5,27.0,3.5,50.5,30.0,28.0,-2.0,58.0,-6.5286837,2021,03
2021_03_IND_TEN,TEN,IND,21.25,25.75,4.5,47.0,16.0,25.0,9.0,41.0,-1.4756932,2021,03
2021_03_LAC_KC,KC,LAC,24.25,30.75,6.5,55.0,30.0,24.0,-6.0,54.0,6.207778,2021,03
2021_03_MIA_LV,LV,MIA,20.5,24.5,4.0,45.0,28.0,31.0,3.0,59.0,4.1741934,2021,03
2021_03_NO_NE,NE,NO,20.5,23.5,3.0,44.0,28.0,13.0,-15.0,41.0,-5.3001604,2021,03
2021_03_NYJ_DEN,DEN,NYJ,15.75,26.25,10.5,42.0,0.0,26.0,26.0,26.0,6.427481,2021,03
2021_03_PHI_DAL,DAL,PHI,24.0,27.5,3.5,51.5,21.0,41.0,20.0,62.0,6.057931,2021,03
2021_03_SEA_MIN,MIN,SEA,27.75,25.75,-2.0,53.5,17.0,30.0,13.0,47.0,-6.255083,2021,03
2021_03_TB_LA,LA,TB,28.0,27.0,-1.0,55.0,24.0,34.0,10.0,58.0,-0.73871017,2021,03
2021_03_WAS_BUF,BUF,WAS,19.0,26.5,7.5,45.5,21.0,43.0,22.0,64.0,10.3978195,2021,03
2021_04_ARI_LA,LA,ARI,25.0,28.5,3.5,53.5,37.0,20.0,-17.0,57.0,6.7663236,2021,04
2021_04_BAL_DEN,DEN,BAL,21.5,22.5,1.0,44.0,23.0,7.0,-16.0,30.0,-5.808528,2021,04
2021_04_CAR_DAL,DAL,CAR,23.5,28.0,4.5,51.5,28.0,36.0,8.0,64.0,5.7194495,2021,04
2021_04_CLE_MIN,MIN,CLE,26.5,25.5,-1.0,52.0,14.0,7.0,-7.0,21.0,-7.8100796,2021,04
2021_04_DET_CHI,CHI,DET,19.5,22.5,3.0,42.0,14.0,24.0,10.0,38.0,8.417523,2021,04
2021_04_HOU_BUF,BUF,HOU,14.25,33.25,19.0,47.5,0.0,40.0,40.0,40.0,12.046178,2021,04
2021_04_IND_MIA,MIA,IND,19.5,22.0,2.5,41.5,27.0,17.0,-10.0,44.0,-3.616055,2021,04
2021_04_JAX_CIN,CIN,JAX,19.25,26.75,7.5,46.0,21.0,24.0,3.0,45.0,4.9937377,2021,04
2021_04_KC_PHI,PHI,KC,30.5,23.0,-7.5,53.5,42.0,30.0,-12.0,72.0,-6.120577,2021,04
2021_04_LV_LAC,LAC,LV,24.5,27.5,3.0,52.0,14.0,28.0,14.0,42.0,-0.3509214,2021,04
2021_04_NYG_NO,NO,NYG,17.75,25.25,7.5,43.0,27.0,21.0,-6.0,48.0,11.350392,2021,04
2021_04_PIT_GB,GB,PIT,19.25,25.75,6.5,45.0,17.0,27.0,10.0,44.0,8.279138,2021,04
2021_04_SEA_SF,SF,SEA,24.75,27.25,2.5,52.0,28.0,21.0,-7.0,49.0,-5.3970537,2021,04
2021_04_TB_NE,NE,TB,27.75,21.75,-6.0,49.5,19.0,17.0,-2.0,36.0,-4.9140515,2021,04
2021_04_TEN_NYJ,NYJ,TEN,25.0,19.5,-5.5,44.5,24.0,27.0,3.0,51.0,-7.4106464,2021,04
2021_04_WAS_ATL,ATL,WAS,24.25,23.25,-1.0,47.5,34.0,30.0,-4.0,64.0,-1.5611191,2021,04
2021_05_BUF_KC,KC,BUF,27.25,29.75,2.5,57.0,38.0,20.0,-18.0,58.0,-4.0263643,2021,05
2021_05_CHI_LV,LV,CHI,20.25,25.75,5.5,46.0,20.0,9.0,-11.0,29.0,4.341298,2021,05
2021_05_CLE_LAC,LAC,CLE,22.0,24.5,2.5,46.5,42.0,47.0,5.0,89.0,-5.076583,2021,05
2021_05_DEN_PIT,PIT,DEN,21.0,19.0,-2.0,40.0,19.0,27.0,8.0,46.0,2.8944948,2021,05
2021_05_DET_MIN,MIN,DET,19.75,29.75,10.0,49.5,17.0,19.0,2.0,36.0,2.759092,2021,05
2021_05_GB_CIN,CIN,GB,26.0,24.0,-2.0,50.0,25.0,22.0,-3.0,47.0,-10.87285,2021,05
2021_05_IND_BAL,BAL,IND,19.5,27.0,7.5,46.5,25.0,31.0,6.0,56.0,1.6076088,2021,05
2021_05_LA_SEA,SEA,LA,28.0,25.5,-2.5,53.5,26.0,17.0,-9.0,43.0,-2.1395082,2021,05
2021_05_MIA_TB,TB,MIA,18.5,29.5,11.0,48.0,17.0,45.0,28.0,62.0,14.172036,2021,05
2021_05_NE_HOU,HOU,NE,23.75,15.75,-8.0,39.5,25.0,22.0,-3.0,47.0,-1.8629136,2021,05
2021_05_NO_WAS,WAS,NO,23.0,20.5,-2.5,43.5,33.0,22.0,-11.0,55.0,-9.341662,2021,05
2021_05_NYG_DAL,DAL,NYG,22.75,30.25,7.5,53.0,20.0,44.0,24.0,64.0,4.4695873,2021,05
2021_05_NYJ_ATL,ATL,NYJ,21.25,24.25,3.0,45.5,20.0,27.0,7.0,47.0,3.7498162,2021,05
2021_05_PHI_CAR,CAR,PHI,21.75,24.25,2.5,46.0,21.0,18.0,-3.0,39.0,4.150558,2021,05
2021_05_SF_ARI,ARI,SF,21.25,27.25,6.0,48.5,10.0,17.0,7.0,27.0,1.623843,2021,05
2021_05_TEN_JAX,JAX,TEN,26.5,22.5,-4.0,49.0,37.0,19.0,-18.0,56.0,-9.176196,2021,05
2021_06_ARI_CLE,CLE,ARI,22.5,25.5,3.0,48.0,37.0,14.0,-23.0,51.0,6.961273,2021,06
2021_06_BUF_TEN,TEN,BUF,29.75,23.75,-6.0,53.5,31.0,34.0,3.0,65.0,-5.4878035,2021,06
2021_06_CIN_DET,DET,CIN,25.0,21.5,-3.5,46.5,34.0,11.0,-23.0,45.0,-1.8449025,2021,06
2021_06_DAL_NE,NE,DAL,27.0,23.5,-3.5,50.5,35.0,29.0,-6.0,64.0,-2.0575461,2021,06
2021_06_GB_CHI,CHI,GB,24.75,19.25,-5.5,44.0,24.0,14.0,-10.0,38.0,-2.4484606,2021,06
2021_06_HOU_IND,IND,HOU,16.5,27.0,10.5,43.5,3.0,31.0,28.0,34.0,9.663725,2021,06
2021_06_KC_WAS,WAS,KC,30.0,24.0,-6.0,54.0,31.0,13.0,-18.0,44.0,-3.2295685,2021,06
2021_06_LAC_BAL,BAL,LAC,23.75,26.75,3.0,50.5,6.0,34.0,28.0,40.0,7.465363,2021,06
2021_06_LA_NYG,NYG,LA,28.5,21.0,-7.5,49.5,38.0,11.0,-27.0,49.0,-9.223189,2021,06
2021_06_LV_DEN,DEN,LV,20.25,25.25,5.0,45.5,34.0,24.0,-10.0,58.0,-2.0552034,2021,06
2021_06_MIA_JAX,JAX,MIA,25.0,22.5,-2.5,47.5,20.0,23.0,3.0,43.0,-3.7637215,2021,06
2021_06_MIN_CAR,CAR,MIN,24.0,21.5,-2.5,45.5,34.0,28.0,-6.0,62.0,3.9802299,2021,06
2021_06_SEA_PIT,PIT,SEA,18.75,24.25,5.5,43.0,20.0,23.0,3.0,43.0,-6.8198967,2021,06
2021_06_TB_PHI,PHI,TB,30.0,23.0,-7.0,53.0,28.0,22.0,-6.0,50.0,-5.7587433,2021,06
2021_07_ATL_MIA,MIA,ATL,25.0,23.5,-1.5,48.5,30.0,28.0,-2.0,58.0,-2.779293,2021,07
2021_07_CAR_NYG,NYG,CAR,22.75,19.75,-3.0,42.5,3.0,25.0,22.0,28.0,-2.942954,2021,07
2021_07_CHI_TB,TB,CHI,17.25,29.75,12.5,47.0,3.0,38.0,35.0,41.0,13.938212,2021,07
2021_07_CIN_BAL,BAL,CIN,19.5,26.0,6.5,45.5,41.0,17.0,-24.0,58.0,8.476925,2021,07
2021_07_DEN_CLE,CLE,DEN,19.25,21.25,2.0,40.5,14.0,17.0,3.0,31.0,8.229165,2021,07
2021_07_DET_LA,LA,DET,17.0,34.0,17.0,51.0,19.0,28.0,9.0,47.0,12.458017,2021,07
2021_07_HOU_ARI,ARI,HOU,13.25,33.75,20.5,47.0,5.0,31.0,26.0,36.0,11.958639,2021,07
2021_07_IND_SF,SF,IND,19.0,22.5,3.5,41.5,30.0,18.0,-12.0,48.0,-9.375903,2021,07
2021_07_KC_TEN,TEN,KC,30.75,26.75,-4.0,57.5,3.0,27.0,24.0,30.0,-1.0971127,2021,07
2021_07_NO_SEA,SEA,NO,24.0,18.0,-6.0,42.0,13.0,10.0,-3.0,23.0,-0.34770727,2021,07
2021_07_NYJ_NE,NE,NYJ,18.0,25.0,7.0,43.0,13.0,54.0,41.0,67.0,8.177671,2021,07
2021_07_PHI_LV,LV,PHI,23.5,24.5,1.0,48.0,22.0,33.0,11.0,55.0,8.005379,2021,07
2021_07_WAS_GB,GB,WAS,19.75,28.25,8.5,48.0,10.0,24.0,14.0,34.0,7.9585137,2021,07
2021_08_CAR_ATL,ATL,CAR,22.25,24.75,2.5,47.0,19.0,13.0,-6.0,32.0,0.62135506,2021,08
2021_08_CIN_NYJ,NYJ,CIN,27.5,16.0,-11.5,43.5,31.0,34.0,3.0,65.0,-4.090665,2021,08
2021_08_DAL_MIN,MIN,DAL,22.5,27.0,4.5,49.5,20.0,16.0,-4.0,36.0,-2.8081474,2021,08
2021_08_GB_ARI,ARI,GB,22.25,28.75,6.5,51.0,24.0,21.0,-3.0,45.0,5.6769514,2021,08
2021_08_JAX_SEA,SEA,JAX,20.0,24.0,4.0,44.0,7.0,31.0,24.0,38.0,11.807936,2021,08
2021_08_LA_HOU,HOU,LA,32.0,15.0,-17.0,47.0,38.0,22.0,-16.0,60.0,-12.467856,2021,08
2021_08_MIA_BUF,BUF,MIA,16.75,31.75,15.0,48.5,11.0,26.0,15.0,37.0,17.876007,2021,08
2021_08_NE_LAC,LAC,NE,23.5,27.0,3.5,50.5,27.0,24.0,-3.0,51.0,1.7278157,2021,08
2021_08_NYG_KC,KC,NYG,21.25,31.75,10.5,53.0,17.0,20.0,3.0,37.0,4.859159,2021,08
2021_08_PHI_DET,DET,PHI,25.75,22.75,-3.0,48.5,44.0,6.0,-38.0,50.0,-1.7996154,2021,08
2021_08_PIT_CLE,CLE,PIT,18.75,24.25,5.5,43.0,15.0,10.0,-5.0,25.0,4.5048027,2021,08
2021_08_SF_CHI,CHI,SF,22.25,17.75,-4.5,40.0,33.0,22.0,-11.0,55.0,3.468054,2021,08
2021_08_TB_NO,NO,TB,26.25,22.25,-4.0,48.5,27.0,36.0,9.0,63.0,-1.6068425,2021,08
2021_08_TEN_IND,IND,TEN,24.0,27.0,3.0,51.0,34.0,31.0,-3.0,65.0,8.124727,2021,08
2021_08_WAS_DEN,DEN,WAS,20.5,24.5,4.0,45.0,10.0,17.0,7.0,27.0,-1.1099501,2021,08
2021_09_ARI_SF,SF,ARI,19.5,25.0,5.5,44.5,31.0,17.0,-14.0,48.0,-1.748805,2021,09
2021_09_ATL_NO,NO,ATL,18.0,25.0,7.0,43.0,27.0,25.0,-2.0,52.0,6.2537327,2021,09
2021_09_BUF_JAX,JAX,BUF,31.25,16.75,-14.5,48.0,6.0,9.0,3.0,15.0,-11.525759,2021,09
2021_09_CHI_PIT,PIT,CHI,16.5,23.5,7.0,40.0,27.0,29.0,2.0,56.0,7.0091825,2021,09
2021_09_CLE_CIN,CIN,CLE,22.5,25.0,2.5,47.5,41.0,16.0,-25.0,57.0,1.678843,2021,09
2021_09_DEN_DAL,DAL,DEN,19.75,30.25,10.5,50.0,30.0,16.0,-14.0,46.0,11.033467,2021,09
2021_09_GB_KC,KC,GB,20.5,27.5,7.0,48.0,7.0,13.0,6.0,20.0,-2.0544825,2021,09
2021_09_HOU_MIA,MIA,HOU,20.5,24.5,4.0,45.0,9.0,17.0,8.0,26.0,4.227219,2021,09
2021_09_LAC_PHI,PHI,LAC,25.25,24.25,-1.0,49.5,27.0,24.0,-3.0,51.0,2.7203157,2021,09
2021_09_LV_NYG,NYG,LV,25.0,22.0,-3.0,47.0,16.0,23.0,7.0,39.0,-3.7026672,2021,09
2021_09_MIN_BAL,BAL,MIN,21.75,29.25,7.5,51.0,31.0,34.0,3.0,65.0,7.8727083,2021,09
2021_09_NE_CAR,CAR,NE,22.5,19.0,-3.5,41.5,24.0,6.0,-18.0,30.0,0.12061262,2021,09
2021_09_NYJ_IND,IND,NYJ,17.75,28.25,10.5,46.0,30.0,45.0,15.0,75.0,12.886461,2021,09
2021_09_TEN_LA,LA,TEN,23.25,30.25,7.0,53.5,28.0,16.0,-12.0,44.0,7.5946255,2021,09
2021_10_ATL_DAL,DAL,ATL,23.5,31.5,8.0,55.0,3.0,43.0,40.0,46.0,9.096,2021,10
2021_10_BAL_MIA,MIA,BAL,27.5,19.0,-8.5,46.5,10.0,22.0,12.0,32.0,-5.6090317,2021,10
2021_10_BUF_NYJ,NYJ,BUF,30.0,17.0,-13.0,47.0,45.0,17.0,-28.0,62.0,-6.492463,2021,10
2021_10_CAR_ARI,ARI,CAR,17.5,24.5,7.0,42.0,34.0,10.0,-24.0,44.0,9.608576,2021,10
2021_10_CLE_NE,NE,CLE,21.5,24.0,2.5,45.5,7.0,45.0,38.0,52.0,1.7281464,2021,10
2021_10_DET_PIT,PIT,DET,17.0,26.0,9.0,43.0,16.0,16.0,0.0,32.0,8.574186,2021,10
2021_10_JAX_IND,IND,JAX,18.5,29.0,10.5,47.5,17.0,23.0,6.0,40.0,13.42858,2021,10
2021_10_KC_LV,LV,KC,28.0,25.5,-2.5,53.5,41.0,14.0,-27.0,55.0,4.843474,2021,10
2021_10_LA_SF,SF,LA,26.75,23.25,-3.5,50.0,10.0,31.0,21.0,41.0,-4.6064878,2021,10
2021_10_MIN_LAC,LAC,MIN,25.25,28.25,3.0,53.5,27.0,20.0,-7.0,47.0,2.6657066,2021,10
2021_10_NO_TEN,TEN,NO,20.5,23.5,3.0,44.0,21.0,23.0,2.0,44.0,2.786609,2021,10
2021_10_PHI_DEN,DEN,PHI,21.75,22.75,1.0,44.5,30.0,13.0,-17.0,43.0,1.666857,2021,10
2021_10_SEA_GB,GB,SEA,23.25,26.25,3.0,49.5,0.0,17.0,17.0,17.0,5.026292,2021,10
2021_10_TB_WAS,WAS,TB,30.5,20.5,-10.0,51.0,19.0,29.0,10.0,48.0,-9.244451,2021,10
2021_11_ARI_SEA,SEA,ARI,21.75,24.25,2.5,46.0,23.0,13.0,-10.0,36.0,2.1214051,2021,11
2021_11_BAL_CHI,CHI,BAL,24.0,19.0,-5.0,43.0,16.0,13.0,-3.0,29.0,-7.240988,2021,11
2021_11_CIN_LV,LV,CIN,25.75,24.75,-1.0,50.5,32.0,13.0,-19.0,45.0,0.03887868,2021,11
2021_11_DAL_KC,KC,DAL,26.75,29.25,2.5,56.0,9.0,19.0,10.0,28.0,1.4977742,2021,11
2021_11_DET_CLE,CLE,DET,14.75,27.75,13.0,42.5,10.0,13.0,3.0,23.0,12.213866,2021,11
2021_11_GB_MIN,MIN,GB,24.5,23.5,-1.0,48.0,31.0,34.0,3.0,65.0,0.3716073,2021,11
2021_11_HOU_TEN,TEN,HOU,17.0,27.5,10.5,44.5,22.0,13.0,-9.0,35.0,15.48186,2021,11
2021_11_IND_BUF,BUF,IND,21.0,28.5,7.5,49.5,41.0,15.0,-26.0,56.0,2.331542,2021,11
2021_11_MIA_NYJ,NYJ,MIA,24.0,20.5,-3.5,44.5,24.0,17.0,-7.0,41.0,-2.2965207,2021,11
2021_11_NE_ATL,ATL,NE,27.25,20.25,-7.0,47.5,25.0,0.0,-25.0,25.0,-3.7913766,2021,11
2021_11_NO_PHI,PHI,NO,20.0,22.5,2.5,42.5,29.0,40.0,11.0,69.0,1.4668211,2021,11
2021_11_NYG_TB,TB,NYG,19.0,30.5,11.5,49.5,10.0,30.0,20.0,40.0,11.293418,2021,11
2021_11_PIT_LAC,LAC,PIT,21.0,26.5,5.5,47.5,37.0,41.0,4.0,78.0,1.541147,2021,11
2021_11_SF_JAX,JAX,SF,25.75,19.25,-6.5,45.0,30.0,10.0,-20.0,40.0,-9.524148,2021,11
2021_11_WAS_CAR,CAR,WAS,19.75,23.25,3.5,43.0,27.0,21.0,-6.0,48.0,3.3405936,2021,11
2021_12_ATL_JAX,JAX,ATL,23.75,22.25,-1.5,46.0,21.0,14.0,-7.0,35.0,1.5809717,2021,12
2021_12_BUF_NO,NO,BUF,26.0,19.0,-7.0,45.0,31.0,6.0,-25.0,37.0,3.0485077,2021,12
2021_12_CAR_MIA,MIA,CAR,21.0,20.0,-1.0,41.0,10.0,33.0,23.0,43.0,0.44825125,2021,12
2021_12_CHI_DET,DET,CHI,21.75,19.75,-2.0,41.5,16.0,14.0,-2.0,30.0,-0.14139438,2021,12
2021_12_CLE_BAL,BAL,CLE,22.0,25.0,3.0,47.0,10.0,16.0,6.0,26.0,-0.54448223,2021,12
2021_12_LAC_DEN,DEN,LAC,25.0,22.5,-2.5,47.5,13.0,28.0,15.0,41.0,1.3538753,2021,12
2021_12_LA_GB,GB,LA,24.5,22.5,-2.0,47.0,28.0,36.0,8.0,64.0,-0.54524016,2021,12
2021_12_LV_DAL,DAL,LV,22.0,29.0,7.0,51.0,36.0,33.0,-3.0,69.0,9.950205,2021,12
2021_12_MIN_SF,SF,MIN,22.75,26.25,3.5,49.0,26.0,34.0,8.0,60.0,4.7994432,2021,12
2021_12_NYJ_HOU,HOU,NYJ,20.75,23.75,3.0,44.5,21.0,14.0,-7.0,35.0,2.3409915,2021,12
2021_12_PHI_NYG,NYG,PHI,24.75,20.75,-4.0,45.5,7.0,13.0,6.0,20.0,-5.092448,2021,12
2021_12_PIT_CIN,CIN,PIT,20.0,23.5,3.5,43.5,10.0,41.0,31.0,51.0,3.6662078,2021,12
2021_12_SEA_WAS,WAS,SEA,24.0,23.0,-1.0,47.0,15.0,17.0,2.0,32.0,-0.94705343,2021,12
2021_12_TB_IND,IND,TB,28.0,25.0,-3.0,53.0,38.0,31.0,-7.0,69.0,-0.19164562,2021,12
2021_12_TEN_NE,NE,TEN,17.75,25.25,7.5,43.0,13.0,36.0,23.0,49.0,3.9979715,2021,12
2021_13_ARI_CHI,CHI,ARI,25.5,18.0,-7.5,43.5,33.0,22.0,-11.0,55.0,-5.076521,2021,13
2021_13_BAL_PIT,PIT,BAL,24.0,20.0,-4.0,44.0,19.0,20.0,1.0,39.0,-6.3010635,2021,13
2021_13_DAL_NO,NO,DAL,26.0,20.0,-6.0,46.0,27.0,17.0,-10.0,44.0,0.49919748,2021,13
2021_13_DEN_KC,KC,DEN,19.0,27.5,8.5,46.5,9.0,22.0,13.0,31.0,2.715201,2021,13
2021_13_IND_HOU,HOU,IND,27.75,17.75,-10.0,45.5,31.0,0.0,-31.0,31.0,-5.731674,2021,13
2021_13_JAX_LA,LA,JAX,17.0,31.0,14.0,48.0,7.0,37.0,30.0,44.0,12.151152,2021,13
2021_13_LAC_CIN,CIN,LAC,23.5,26.0,2.5,49.5,41.0,22.0,-19.0,63.0,5.3475275,2021,13
2021_13_MIN_DET,DET,MIN,27.25,20.25,-7.0,47.5,27.0,29.0,2.0,56.0,-3.2955785,2021,13
2021_13_NE_BUF,BUF,NE,18.5,21.5,3.0,40.0,14.0,10.0,-4.0,24.0,2.3882575,2021,13
2021_13_NYG_MIA,MIA,NYG,16.75,23.25,6.5,40.0,9.0,20.0,11.0,29.0,1.9909787,2021,13
2021_13_PHI_NYJ,NYJ,PHI,24.5,19.5,-5.0,44.0,33.0,18.0,-15.0,51.0,-11.246418,2021,13
2021_13_SF_SEA,SEA,SF,23.75,20.75,-3.0,44.5,23.0,30.0,7.0,53.0,0.046684742,2021,13
2021_13_TB_ATL,ATL,TB,31.0,20.0,-11.0,51.0,30.0,17.0,-13.0,47.0,-11.539659,2021,13
2021_13_WAS_LV,LV,WAS,23.25,24.25,1.0,47.5,17.0,15.0,-2.0,32.0,2.0975425,2021,13
2021_14_ATL_CAR,CAR,ATL,19.25,21.75,2.5,41.0,29.0,21.0,-8.0,50.0,5.117978,2021,14
2021_14_BAL_CLE,CLE,BAL,20.5,23.5,3.0,44.0,22.0,24.0,2.0,46.0,-2.9125242,2021,14
2021_14_BUF_TB,TB,BUF,24.5,28.0,3.5,52.5,27.0,33.0,6.0,60.0,6.0881066,2021,14
2021_14_CHI_GB,GB,CHI,15.75,27.25,11.5,43.0,30.0,45.0,15.0,75.0,5.785993,2021,14
2021_14_DAL_WAS,WAS,DAL,27.25,20.75,-6.5,48.0,27.0,20.0,-7.0,47.0,-1.669424,2021,14
2021_14_DET_DEN,DEN,DET,14.5,27.5,13.0,42.0,10.0,38.0,28.0,48.0,5.4791684,2021,14
2021_14_JAX_TEN,TEN,JAX,18.0,26.5,8.5,44.5,0.0,20.0,20.0,20.0,10.830418,2021,14
2021_14_LA_ARI,ARI,LA,24.0,27.0,3.0,51.0,30.0,23.0,-7.0,53.0,2.7353897,2021,14
2021_14_LV_KC,KC,LV,19.0,29.0,10.0,48.0,9.0,48.0,39.0,57.0,5.2125225,2021,14
2021_14_NO_NYJ,NYJ,NO,23.25,18.75,-4.5,42.0,30.0,9.0,-21.0,39.0,-6.0388527,2021,14
2021_14_NYG_LAC,LAC,NYG,17.25,26.75,9.5,44.0,21.0,37.0,16.0,58.0,3.6390793,2021,14
2021_14_PIT_MIN,MIN,PIT,20.75,24.25,3.5,45.0,28.0,36.0,8.0,64.0,6.2086897,2021,14
2021_14_SEA_HOU,HOU,SEA,25.25,15.25,-10.0,40.5,33.0,13.0,-20.0,46.0,-5.663211,2021,14
2021_14_SF_CIN,CIN,SF,25.75,23.25,-2.5,49.0,26.0,23.0,-3.0,49.0,3.7649586,2021,14
2021_15_ARI_DET,DET,ARI,30.5,17.5,-13.0,48.0,12.0,30.0,18.0,42.0,-7.5986996,2021,15
2021_15_ATL_SF,SF,ATL,19.25,28.75,9.5,48.0,13.0,31.0,18.0,44.0,7.343463,2021,15
2021_15_CAR_BUF,BUF,CAR,14.5,28.5,14.0,43.0,14.0,31.0,17.0,45.0,10.7205715,2021,15
2021_15_CIN_DEN,DEN,CIN,21.0,24.0,3.0,45.0,15.0,10.0,-5.0,25.0,-2.3866901,2021,15
2021_15_DAL_NYG,NYG,DAL,27.25,15.75,-11.5,43.0,21.0,6.0,-15.0,27.0,-4.8374777,2021,15
2021_15_GB_BAL,BAL,GB,27.5,18.0,-9.5,45.5,31.0,30.0,-1.0,61.0,-3.9169583,2021,15
2021_15_HOU_JAX,JAX,HOU,17.0,23.0,6.0,40.0,30.0,16.0,-14.0,46.0,-0.5738392,2021,15
2021_15_KC_LAC,LAC,KC,28.5,25.5,-3.0,54.0,34.0,28.0,-6.0,62.0,0.7861488,2021,15
2021_15_LV_CLE,CLE,LV,22.0,19.0,-3.0,41.0,16.0,14.0,-2.0,30.0,3.7435863,2021,15
2021_15_MIN_CHI,CHI,MIN,27.5,20.5,-7.0,48.0,17.0,9.0,-8.0,26.0,-0.49322152,2021,15
2021_15_NE_IND,IND,NE,23.5,22.5,-1.0,46.0,17.0,27.0,10.0,44.0,1.7560585,2021,15
2021_15_NO_TB,TB,NO,17.0,28.5,11.5,45.5,9.0,0.0,-9.0,9.0,10.388763,2021,15
2021_15_NYJ_MIA,MIA,NYJ,15.75,26.25,10.5,42.0,24.0,31.0,7.0,55.0,8.756458,2021,15
2021_15_SEA_LA,LA,SEA,19.75,27.25,7.5,47.0,10.0,20.0,10.0,30.0,8.003376,2021,15
2021_15_TEN_PIT,PIT,TEN,21.5,22.5,1.0,44.0,13.0,19.0,6.0,32.0,0.3091054,2021,15
2021_15_WAS_PHI,PHI,WAS,14.75,24.75,10.0,39.5,17.0,27.0,10.0,44.0,6.9585867,2021,15
2021_16_BAL_CIN,CIN,BAL,17.75,25.25,7.5,43.0,21.0,41.0,20.0,62.0,3.940125,2021,16
2021_16_BUF_NE,NE,BUF,21.25,22.25,1.0,43.5,33.0,21.0,-12.0,54.0,5.777218,2021,16
2021_16_CHI_SEA,SEA,CHI,17.0,24.0,7.0,41.0,25.0,24.0,-1.0,49.0,8.288235,2021,16
2021_16_CLE_GB,GB,CLE,19.5,27.0,7.5,46.5,22.0,24.0,2.0,46.0,5.5782204,2021,16
2021_16_DEN_LV,LV,DEN,21.5,20.5,-1.0,42.0,13.0,17.0,4.0,30.0,-0.6459849,2021,16
2021_16_DET_ATL,ATL,DET,17.5,25.0,7.5,42.5,16.0,20.0,4.0,36.0,0.51673436,2021,16
2021_16_IND_ARI,ARI,IND,22.5,25.5,3.0,48.0,22.0,16.0,-6.0,38.0,-0.06171179,2021,16
2021_16_JAX_NYJ,NYJ,JAX,20.0,22.5,2.5,42.5,21.0,26.0,5.0,47.0,2.2547662,2021,16
2021_16_LAC_HOU,HOU,LAC,29.75,16.25,-13.5,46.0,29.0,41.0,12.0,70.0,-5.5802,2021,16
2021_16_LA_MIN,MIN,LA,26.0,22.5,-3.5,48.5,30.0,23.0,-7.0,53.0,-3.3644152,2021,16
2021_16_MIA_NO,NO,MIA,20.25,17.25,-3.0,37.5,20.0,3.0,-17.0,23.0,7.004882,2021,16
2021_16_NYG_PHI,PHI,NYG,15.0,26.0,11.0,41.0,10.0,34.0,24.0,44.0,10.51866,2021,16
2021_16_PIT_KC,KC,PIT,16.75,27.25,10.5,44.0,10.0,36.0,26.0,46.0,12.2735,2021,16
2021_16_SF_TEN,TEN,SF,24.5,21.0,-3.5,45.5,17.0,20.0,3.0,37.0,-0.932678,2021,16
2021_16_TB_CAR,CAR,TB,28.0,16.5,-11.5,44.5,32.0,6.0,-26.0,38.0,-12.87079,2021,16
2021_16_WAS_DAL,DAL,WAS,17.5,28.0,10.5,45.5,14.0,56.0,42.0,70.0,7.552813,2021,16
2021_17_ARI_DAL,DAL,ARI,23.25,29.75,6.5,53.0,25.0,22.0,-3.0,47.0,6.338689,2021,17
2021_17_ATL_BUF,BUF,ATL,16.25,30.25,14.0,46.5,15.0,29.0,14.0,44.0,9.156849,2021,17
2021_17_CAR_NO,NO,CAR,15.0,22.0,7.0,37.0,10.0,18.0,8.0,28.0,7.5954447,2021,17
2021_17_CLE_PIT,PIT,CLE,22.25,21.25,-1.0,43.5,14.0,26.0,12.0,40.0,0.88185334,2021,17
2021_17_DEN_LAC,LAC,DEN,18.75,26.75,8.0,45.5,13.0,34.0,21.0,47.0,2.4563758,2021,17
2021_17_DET_SEA,SEA,DET,16.5,25.0,8.5,41.5,29.0,51.0,22.0,80.0,5.285726,2021,17
2021_17_HOU_SF,SF,HOU,15.0,29.0,14.0,44.0,7.0,23.0,16.0,30.0,13.209233,2021,17
2021_17_JAX_NE,NE,JAX,12.25,29.75,17.5,42.0,10.0,50.0,40.0,60.0,16.45346,2021,17
2021_17_KC_CIN,CIN,KC,27.25,23.75,-3.5,51.0,31.0,34.0,3.0,65.0,1.2104626,2021,17
2021_17_LA_BAL,BAL,LA,27.0,20.0,-7.0,47.0,20.0,19.0,-1.0,39.0,-4.326422,2021,17
2021_17_LV_IND,IND,LV,19.0,27.5,8.5,46.5,23.0,20.0,-3.0,43.0,11.180313,2021,17
2021_17_MIA_TEN,TEN,MIA,19.0,22.0,3.0,41.0,3.0,34.0,31.0,37.0,5.375042,2021,17
2021_17_MIN_GB,GB,MIN,14.5,27.5,13.0,42.0,10.0,37.0,27.0,47.0,5.923233,2021,17
2021_17_NYG_CHI,CHI,NYG,14.75,21.75,7.0,36.5,3.0,29.0,26.0,32.0,0.6135733,2021,17
2021_17_PHI_WAS,WAS,PHI,25.5,19.0,-6.5,44.5,20.0,16.0,-4.0,36.0,-4.902069,2021,17
2021_17_TB_NYJ,NYJ,TB,31.25,16.75,-14.5,48.0,28.0,24.0,-4.0,52.0,-12.511908,2021,17
2021_18_CAR_TB,TB,CAR,16.0,27.0,11.0,43.0,17.0,41.0,24.0,58.0,14.469801,2021,18
2021_18_CHI_MIN,MIN,CHI,21.0,24.5,3.5,45.5,17.0,31.0,14.0,48.0,5.6653175,2021,18
2021_18_CIN_CLE,CLE,CIN,15.75,22.25,6.5,38.0,16.0,21.0,5.0,37.0,-3.6665883,2021,18
2021_18_DAL_PHI,PHI,DAL,26.25,19.75,-6.5,46.0,51.0,26.0,-25.0,77.0,0.86313605,2021,18
2021_18_GB_DET,DET,GB,24.5,20.5,-4.0,45.0,30.0,37.0,7.0,67.0,-8.761227,2021,18
2021_18_IND_JAX,JAX,IND,28.5,14.5,-14.0,43.0,11.0,26.0,15.0,37.0,-12.922984,2021,18
2021_18_KC_DEN,DEN,KC,28.0,16.5,-11.5,44.5,28.0,24.0,-4.0,52.0,-4.332414,2021,18
2021_18_LAC_LV,LV,LAC,25.75,22.25,-3.5,48.0,32.0,35.0,3.0,67.0,0.8786962,2021,18
2021_18_NE_MIA,MIA,NE,23.5,17.5,-6.0,41.0,24.0,33.0,9.0,57.0,-5.832095,2021,18
2021_18_NO_ATL,ATL,NO,22.25,17.75,-4.5,40.0,30.0,20.0,-10.0,50.0,-2.0649672,2021,18
2021_18_NYJ_BUF,BUF,NYJ,13.5,29.5,16.0,43.0,10.0,27.0,17.0,37.0,13.354832,2021,18
2021_18_PIT_BAL,BAL,PIT,19.0,22.0,3.0,41.0,16.0,13.0,-3.0,29.0,5.770671,2021,18
2021_18_SEA_ARI,ARI,SEA,21.25,26.75,5.5,48.0,38.0,30.0,-8.0,68.0,5.111704,2021,18
2021_18_SF_LA,LA,SF,21.75,24.75,3.0,46.5,27.0,24.0,-3.0,51.0,5.119679,2021,18
2021_18_TEN_HOU,HOU,TEN,26.75,16.25,-10.5,43.0,28.0,25.0,-3.0,53.0,-3.6201658,2021,18
2021_18_WAS_NYG,NYG,WAS,21.0,15.0,-6.0,36.0,22.0,7.0,-15.0,29.0,-4.64382,2021,18
2022_01_BAL_NYJ,NYJ,BAL,25.25,18.75,-6.5,44.0,24.0,9.0,-15.0,33.0,-5.1810074,2022,01
2022_01_BUF_LA,LA,BUF,26.25,25.25,-1.0,51.5,31.0,10.0,-21.0,41.0,2.515155,2022,01
2022_01_CLE_CAR,CAR,CLE,20.0,22.5,2.5,42.5,26.0,24.0,-2.0,50.0,0.20732021,2022,01
2022_01_DEN_SEA,SEA,DEN,25.0,19.0,-6.0,44.0,16.0,17.0,1.0,33.0,2.0664182,2022,01
2022_01_GB_MIN,MIN,GB,22.25,24.75,2.5,47.0,7.0,23.0,16.0,30.0,-4.3882265,2022,01
2022_01_IND_HOU,HOU,IND,26.5,19.5,-7.0,46.0,20.0,20.0,0.0,40.0,-3.2631884,2022,01
2022_01_JAX_WAS,WAS,JAX,20.25,23.25,3.0,43.5,22.0,28.0,6.0,50.0,6.8393645,2022,01
2022_01_KC_ARI,ARI,KC,30.0,24.0,-6.0,54.0,44.0,21.0,-23.0,65.0,-8.110162,2022,01
2022_01_LV_LAC,LAC,LV,24.5,28.0,3.5,52.5,19.0,24.0,5.0,43.0,4.16797,2022,01
2022_01_NE_MIA,MIA,NE,22.0,25.0,3.0,47.0,7.0,20.0,13.0,27.0,-6.9612293,2022,01
2022_01_NO_ATL,ATL,NO,24.75,18.75,-6.0,43.5,27.0,26.0,-1.0,53.0,-3.50808,2022,01
2022_01_NYG_TEN,TEN,NYG,19.0,24.5,5.5,43.5,21.0,20.0,-1.0,41.0,8.53954,2022,01
2022_01_PHI_DET,DET,PHI,27.5,21.5,-6.0,49.0,38.0,35.0,-3.0,73.0,-7.7382917,2022,01
2022_01_PIT_CIN,CIN,PIT,18.5,26.0,7.5,44.5,23.0,20.0,-3.0,43.0,11.161965,2022,01
2022_01_SF_CHI,CHI,SF,22.25,15.75,-6.5,38.0,10.0,19.0,9.0,29.0,-2.8006372,2022,01
2022_01_TB_DAL,DAL,TB,26.0,23.5,-2.5,49.5,19.0,3.0,-16.0,22.0,-0.6759243,2022,01
2022_02_ARI_LV,LV,ARI,23.0,28.5,5.5,51.5,29.0,23.0,-6.0,52.0,4.008195,2022,02
2022_02_ATL_LA,LA,ATL,18.0,28.5,10.5,46.5,27.0,31.0,4.0,58.0,7.624581,2022,02
2022_02_CAR_NYG,NYG,CAR,22.5,21.5,-1.0,44.0,16.0,19.0,3.0,35.0,2.2544603,2022,02
2022_02_CHI_GB,GB,CHI,15.75,26.25,10.5,42.0,10.0,27.0,17.0,37.0,10.997984,2022,02
2022_02_CIN_DAL,DAL,CIN,24.75,17.25,-7.5,42.0,17.0,20.0,3.0,37.0,0.9618032,2022,02
2022_02_HOU_DEN,DEN,HOU,17.75,28.25,10.5,46.0,9.0,16.0,7.0,25.0,1.7383354,2022,02
2022_02_IND_JAX,JAX,IND,23.25,20.25,-3.0,43.5,0.0,24.0,24.0,24.0,-7.937207,2022,02
2022_02_LAC_KC,KC,LAC,24.25,28.25,4.0,52.5,24.0,27.0,3.0,51.0,7.6126304,2022,02
2022_02_MIA_BAL,BAL,MIA,20.5,23.5,3.0,44.0,42.0,38.0,-4.0,80.0,-0.62475824,2022,02
2022_02_MIN_PHI,PHI,MIN,23.5,26.0,2.5,49.5,7.0,24.0,17.0,31.0,3.9616594,2022,02
2022_02_NE_PIT,PIT,NE,21.5,18.5,-3.0,40.0,17.0,14.0,-3.0,31.0,-9.20561,2022,02
2022_02_NYJ_CLE,CLE,NYJ,16.0,22.5,6.5,38.5,31.0,30.0,-1.0,61.0,6.002357,2022,02
2022_02_SEA_SF,SF,SEA,15.75,24.25,8.5,40.0,7.0,27.0,20.0,34.0,1.9169136,2022,02
2022_02_TB_NO,NO,TB,23.25,20.75,-2.5,44.0,20.0,10.0,-10.0,30.0,-8.581622,2022,02
2022_02_TEN_BUF,BUF,TEN,18.75,28.75,10.0,47.5,7.0,41.0,34.0,48.0,7.374816,2022,02
2022_02_WAS_DET,DET,WAS,24.75,23.75,-1.0,48.5,27.0,36.0,9.0,63.0,-0.6397109,2022,02
2022_03_ATL_SEA,SEA,ATL,21.0,22.0,1.0,43.0,27.0,23.0,-4.0,50.0,3.641904,2022,03
2022_03_BAL_NE,NE,BAL,24.0,21.5,-2.5,45.5,37.0,26.0,-11.0,63.0,4.0961046,2022,03
2022_03_BUF_MIA,MIA,BUF,29.0,25.0,-4.0,54.0,19.0,21.0,2.0,40.0,-9.556114,2022,03
2022_03_CIN_NYJ,NYJ,CIN,26.25,19.75,-6.5,46.0,27.0,12.0,-15.0,39.0,-6.6940517,2022,03
2022_03_DAL_NYG,NYG,DAL,18.75,19.75,1.0,38.5,23.0,16.0,-7.0,39.0,-5.2097416,2022,03
2022_03_DET_MIN,MIN,DET,22.75,29.25,6.5,52.0,24.0,28.0,4.0,52.0,2.5840902,2022,03
2022_03_GB_TB,TB,GB,20.25,21.25,1.0,41.5,14.0,12.0,-2.0,26.0,3.1031232,2022,03
2022_03_HOU_CHI,CHI,HOU,18.5,21.5,3.0,40.0,20.0,23.0,3.0,43.0,1.7895206,2022,03
2022_03_JAX_LAC,LAC,JAX,19.75,26.25,6.5,46.0,38.0,10.0,-28.0,48.0,5.5789967,2022,03
2022_03_KC_IND,IND,KC,27.75,23.25,-4.5,51.0,17.0,20.0,3.0,37.0,-7.383623,2022,03
2022_03_LA_ARI,ARI,LA,26.25,22.75,-3.5,49.0,20.0,12.0,-8.0,32.0,-5.0251884,2022,03
2022_03_LV_TEN,TEN,LV,23.5,22.0,-1.5,45.5,22.0,24.0,2.0,46.0,4.4699063,2022,03
2022_03_NO_CAR,CAR,NO,21.5,19.5,-2.0,41.0,14.0,22.0,8.0,36.0,-4.523063,2022,03
2022_03_PHI_WAS,WAS,PHI,26.5,20.5,-6.0,47.0,24.0,8.0,-16.0,32.0,-3.301952,2022,03
2022_03_PIT_CLE,CLE,PIT,16.75,21.25,4.5,38.0,17.0,29.0,12.0,46.0,3.5574632,2022,03
2022_03_SF_DEN,DEN,SF,22.5,21.5,-1.0,44.0,10.0,11.0,1.0,21.0,-5.90114,2022,03
2022_04_ARI_CAR,CAR,ARI,21.5,22.5,1.0,44.0,26.0,16.0,-10.0,42.0,-0.98516655,2022,04
2022_04_BUF_BAL,BAL,BUF,26.5,23.5,-3.0,50.0,23.0,20.0,-3.0,43.0,-6.955206,2022,04
2022_04_CHI_NYG,NYG,CHI,18.0,21.0,3.0,39.0,12.0,20.0,8.0,32.0,1.7384331,2022,04
2022_04_CLE_ATL,ATL,CLE,24.5,23.5,-1.0,48.0,20.0,23.0,3.0,43.0,1.5503573,2022,04
2022_04_DEN_LV,LV,DEN,21.5,24.0,2.5,45.5,23.0,32.0,9.0,55.0,-0.40366483,2022,04
2022_04_JAX_PHI,PHI,JAX,18.75,25.25,6.5,44.0,21.0,29.0,8.0,50.0,6.9213552,2022,04
2022_04_KC_TB,TB,KC,22.75,23.75,1.0,46.5,41.0,31.0,-10.0,72.0,2.9995942,2022,04
2022_04_LAC_HOU,HOU,LAC,25.25,19.75,-5.5,45.0,34.0,24.0,-10.0,58.0,-4.317768,2022,04
2022_04_LA_SF,SF,LA,20.5,21.5,1.0,42.0,9.0,24.0,15.0,33.0,-1.5191374,2022,04
2022_04_MIA_CIN,CIN,MIA,22.25,26.25,4.0,48.5,15.0,27.0,12.0,42.0,1.1297855,2022,04
2022_04_MIN_NO,NO,MIN,23.0,19.0,-4.0,42.0,28.0,25.0,-3.0,53.0,-2.277989,2022,04
2022_04_NE_GB,GB,NE,15.25,25.25,10.0,40.5,24.0,27.0,3.0,51.0,-1.1304193,2022,04
2022_04_NYJ_PIT,PIT,NYJ,19.0,22.0,3.0,41.0,24.0,20.0,-4.0,44.0,2.3867168,2022,04
2022_04_SEA_DET,DET,SEA,22.75,25.75,3.0,48.5,48.0,45.0,-3.0,93.0,-0.38687468,2022,04
2022_04_TEN_IND,IND,TEN,19.25,23.75,4.5,43.0,24.0,17.0,-7.0,41.0,-0.14618349,2022,04
2022_04_WAS_DAL,DAL,WAS,18.75,21.75,3.0,40.5,10.0,25.0,15.0,35.0,5.135906,2022,04
2022_05_ATL_TB,TB,ATL,17.75,28.25,10.5,46.0,15.0,21.0,6.0,36.0,8.060035,2022,05
2022_05_CHI_MIN,MIN,CHI,17.0,27.0,10.0,44.0,22.0,29.0,7.0,51.0,6.3518925,2022,05
2022_05_CIN_BAL,BAL,CIN,22.25,25.25,3.0,47.5,17.0,19.0,2.0,36.0,-3.1003337,2022,05
2022_05_DAL_LA,LA,DAL,18.25,23.75,5.5,42.0,22.0,10.0,-12.0,32.0,2.050098,2022,05
2022_05_DET_NE,NE,DET,21.75,24.75,3.0,46.5,0.0,29.0,29.0,29.0,2.1752234,2022,05
2022_05_HOU_JAX,JAX,HOU,18.5,25.5,7.0,44.0,13.0,6.0,-7.0,19.0,3.3864596,2022,05
2022_05_IND_DEN,DEN,IND,19.25,22.75,3.5,42.0,12.0,9.0,-3.0,21.0,0.40943527,2022,05
2022_05_LAC_CLE,CLE,LAC,24.0,23.0,-1.0,47.0,30.0,28.0,-2.0,58.0,-5.50124,2022,05
2022_05_LV_KC,KC,LV,22.0,29.5,7.5,51.5,29.0,30.0,1.0,59.0,12.222051,2022,05
2022_05_MIA_NYJ,NYJ,MIA,24.5,21.5,-3.0,46.0,17.0,40.0,23.0,57.0,-7.5879164,2022,05
2022_05_NYG_GB,GB,NYG,16.75,25.25,8.5,42.0,27.0,22.0,-5.0,49.0,7.5120287,2022,05
2022_05_PHI_ARI,ARI,PHI,27.0,21.5,-5.5,48.5,20.0,17.0,-3.0,37.0,-7.7397127,2022,05
2022_05_PIT_BUF,BUF,PIT,15.0,29.0,14.0,44.0,3.0,38.0,35.0,41.0,13.593991,2022,05
2022_05_SEA_NO,NO,SEA,20.0,25.5,5.5,45.5,32.0,39.0,7.0,71.0,-2.0806031,2022,05
2022_05_SF_CAR,CAR,SF,23.0,17.0,-6.0,40.0,37.0,15.0,-22.0,52.0,-6.888488,2022,05
2022_05_TEN_WAS,WAS,TEN,22.0,21.0,-1.0,43.0,21.0,17.0,-4.0,38.0,-1.7469664,2022,05
2022_06_ARI_SEA,SEA,ARI,26.25,23.75,-2.5,50.0,9.0,19.0,10.0,28.0,5.8795404,2022,06
2022_06_BAL_NYG,NYG,BAL,25.75,20.25,-5.5,46.0,20.0,24.0,4.0,44.0,-5.0650263,2022,06
2022_06_BUF_KC,KC,BUF,28.25,25.75,-2.5,54.0,24.0,20.0,-4.0,44.0,-0.48900485,2022,06
2022_06_CAR_LA,LA,CAR,15.75,25.75,10.0,41.5,10.0,24.0,14.0,34.0,8.4318905,2022,06
2022_06_CIN_NO,NO,CIN,22.75,19.75,-3.0,42.5,30.0,26.0,-4.0,56.0,-2.4889336,2022,06
2022_06_DAL_PHI,PHI,DAL,18.0,24.5,6.5,42.5,17.0,26.0,9.0,43.0,0.44493508,2022,06
2022_06_DEN_LAC,LAC,DEN,21.0,24.5,3.5,45.5,16.0,19.0,3.0,35.0,1.6798286,2022,06
2022_06_JAX_IND,IND,JAX,20.0,21.0,1.0,41.0,27.0,34.0,7.0,61.0,5.987978,2022,06
2022_06_MIN_MIA,MIA,MIN,24.0,21.0,-3.0,45.0,24.0,16.0,-8.0,40.0,1.3368608,2022,06
2022_06_NE_CLE,CLE,NE,20.25,22.75,2.5,43.0,38.0,15.0,-23.0,53.0,-5.357401,2022,06
2022_06_NYJ_GB,GB,NYJ,18.5,26.0,7.5,44.5,27.0,10.0,-17.0,37.0,9.646522,2022,06
2022_06_SF_ATL,ATL,SF,24.75,21.25,-3.5,46.0,14.0,28.0,14.0,42.0,-5.3914804,2022,06
2022_06_TB_PIT,PIT,TB,28.5,18.5,-10.0,47.0,18.0,20.0,2.0,38.0,-4.3176565,2022,06
2022_06_WAS_CHI,CHI,WAS,19.75,18.75,-1.0,38.5,12.0,7.0,-5.0,19.0,-2.7279148,2022,06
2022_07_ATL_CIN,CIN,ATL,20.5,27.0,6.5,47.5,17.0,35.0,18.0,52.0,3.3588617,2022,07
2022_07_CHI_NE,NE,CHI,15.25,24.75,9.5,40.0,33.0,14.0,-19.0,47.0,9.395828,2022,07
2022_07_CLE_BAL,BAL,CLE,19.75,26.25,6.5,46.0,20.0,23.0,3.0,43.0,4.5929527,2022,07
2022_07_DET_DAL,DAL,DET,21.25,28.25,7.0,49.5,6.0,24.0,18.0,30.0,2.2214017,2022,07
2022_07_GB_WAS,WAS,GB,22.75,18.75,-4.0,41.5,21.0,23.0,2.0,44.0,-4.001833,2022,07
2022_07_HOU_LV,LV,HOU,19.5,26.5,7.0,46.0,20.0,38.0,18.0,58.0,4.45898,2022,07
2022_07_IND_TEN,TEN,IND,20.25,22.75,2.5,43.0,10.0,19.0,9.0,29.0,2.3427358,2022,07
2022_07_KC_SF,SF,KC,25.0,24.0,-1.0,49.0,44.0,23.0,-21.0,67.0,-1.8346529,2022,07
2022_07_NO_ARI,ARI,NO,20.75,23.25,2.5,44.0,34.0,42.0,8.0,76.0,-1.7023153,2022,07
2022_07_NYG_JAX,JAX,NYG,20.5,23.5,3.0,44.0,23.0,17.0,-6.0,40.0,2.7498274,2022,07
2022_07_NYJ_DEN,DEN,NYJ,19.5,17.5,-2.0,37.0,16.0,9.0,-7.0,25.0,1.5186232,2022,07
2022_07_PIT_MIA,MIA,PIT,18.5,26.0,7.5,44.5,10.0,16.0,6.0,26.0,5.743144,2022,07
2022_07_SEA_LAC,LAC,SEA,23.0,28.5,5.5,51.5,37.0,23.0,-14.0,60.0,4.1572113,2022,07
2022_07_TB_CAR,CAR,TB,26.25,13.25,-13.0,39.5,3.0,21.0,18.0,24.0,-8.351272,2022,07
2022_08_ARI_MIN,MIN,ARI,22.25,26.25,4.0,48.5,26.0,34.0,8.0,60.0,3.3217795,2022,08
2022_08_BAL_TB,TB,BAL,22.0,24.0,2.0,46.0,27.0,22.0,-5.0,49.0,-0.7560129,2022,08
2022_08_CAR_ATL,ATL,CAR,18.25,22.75,4.5,41.0,34.0,37.0,3.0,71.0,8.432276,2022,08
2022_08_CHI_DAL,DAL,CHI,16.25,26.75,10.5,43.0,29.0,49.0,20.0,78.0,6.241618,2022,08
2022_08_CIN_CLE,CLE,CIN,24.0,21.0,-3.0,45.0,13.0,32.0,19.0,45.0,-6.0247116,2022,08
2022_08_DEN_JAX,JAX,DEN,20.0,21.0,1.0,41.0,21.0,17.0,-4.0,38.0,3.0588217,2022,08
2022_08_GB_BUF,BUF,GB,18.25,28.75,10.5,47.0,17.0,27.0,10.0,44.0,11.389773,2022,08
2022_08_LV_NO,NO,LV,24.75,23.75,-1.0,48.5,0.0,24.0,24.0,24.0,2.306043,2022,08
2022_08_MIA_DET,DET,MIA,27.75,24.25,-3.5,52.0,31.0,27.0,-4.0,58.0,-0.38758922,2022,08
2022_08_NE_NYJ,NYJ,NE,21.5,18.5,-3.0,40.0,22.0,17.0,-5.0,39.0,1.751704,2022,08
2022_08_NYG_SEA,SEA,NYG,20.75,23.75,3.0,44.5,13.0,27.0,14.0,40.0,0.027048588,2022,08
2022_08_PIT_PHI,PHI,PIT,16.0,27.0,11.0,43.0,13.0,35.0,22.0,48.0,8.22077,2022,08
2022_08_SF_LA,LA,SF,21.5,20.5,-1.0,42.0,31.0,14.0,-17.0,45.0,0.32398844,2022,08
2022_08_TEN_HOU,HOU,TEN,20.0,19.0,-1.0,39.0,17.0,10.0,-7.0,27.0,-4.2964587,2022,08
2022_08_WAS_IND,IND,WAS,18.75,21.75,3.0,40.5,17.0,16.0,-1.0,33.0,6.3404217,2022,08
2022_09_BAL_NO,NO,BAL,23.5,22.5,-1.0,46.0,27.0,13.0,-14.0,40.0,-0.5420661,2022,09
2022_09_BUF_NYJ,NYJ,BUF,28.5,17.5,-11.0,46.0,17.0,20.0,3.0,37.0,-1.9711933,2022,09
2022_09_CAR_CIN,CIN,CAR,18.0,25.0,7.0,43.0,21.0,42.0,21.0,63.0,8.987522,2022,09
2022_09_GB_DET,DET,GB,26.75,22.75,-4.0,49.5,9.0,15.0,6.0,24.0,2.7400174,2022,09
2022_09_IND_NE,NE,IND,17.5,22.5,5.0,40.0,3.0,26.0,23.0,29.0,8.144039,2022,09
2022_09_LAC_ATL,ATL,LAC,26.0,23.5,-2.5,49.5,20.0,17.0,-3.0,37.0,3.691073,2022,09
2022_09_LA_TB,TB,LA,20.0,23.0,3.0,43.0,13.0,16.0,3.0,29.0,-2.294858,2022,09
2022_09_LV_JAX,JAX,LV,25.0,22.5,-2.5,47.5,20.0,27.0,7.0,47.0,-0.95533824,2022,09
2022_09_MIA_CHI,CHI,MIA,25.0,21.0,-4.0,46.0,35.0,32.0,-3.0,67.0,-3.8372197,2022,09
2022_09_MIN_WAS,WAS,MIN,23.25,20.25,-3.0,43.5,20.0,17.0,-3.0,37.0,-1.3864169,2022,09
2022_09_PHI_HOU,HOU,PHI,29.75,15.75,-14.0,45.5,29.0,17.0,-12.0,46.0,-11.159266,2022,09
2022_09_SEA_ARI,ARI,SEA,24.0,25.5,1.5,49.5,31.0,21.0,-10.0,52.0,-2.3334136,2022,09
2022_09_TEN_KC,KC,TEN,15.5,29.5,14.0,45.0,17.0,20.0,3.0,37.0,9.073847,2022,09
2022_10_ARI_LA,LA,ARI,17.25,20.75,3.5,38.0,27.0,17.0,-10.0,44.0,3.220528,2022,10
2022_10_ATL_CAR,CAR,ATL,22.0,19.5,-2.5,41.5,15.0,25.0,10.0,40.0,-6.3233414,2022,10
2022_10_CLE_MIA,MIA,CLE,23.0,26.0,3.0,49.0,17.0,39.0,22.0,56.0,2.320253,2022,10
2022_10_DAL_GB,GB,DAL,24.0,20.5,-3.5,44.5,28.0,31.0,3.0,59.0,-0.3913064,2022,10
2022_10_DEN_TEN,TEN,DEN,18.75,21.25,2.5,40.0,10.0,17.0,7.0,27.0,7.287886,2022,10
2022_10_DET_CHI,CHI,DET,22.75,25.75,3.0,48.5,31.0,30.0,-1.0,61.0,4.636594,2022,10
2022_10_HOU_NYG,NYG,HOU,18.0,23.5,5.5,41.5,16.0,24.0,8.0,40.0,2.8065767,2022,10
2022_10_IND_LV,LV,IND,18.25,22.75,4.5,41.0,25.0,20.0,-5.0,45.0,1.5948085,2022,10
2022_10_JAX_KC,KC,JAX,20.75,30.75,10.0,51.5,17.0,27.0,10.0,44.0,7.856148,2022,10
2022_10_LAC_SF,SF,LAC,18.5,27.0,8.5,45.5,16.0,22.0,6.0,38.0,4.0381913,2022,10
2022_10_MIN_BUF,BUF,MIN,20.25,26.75,6.5,47.0,33.0,30.0,-3.0,63.0,9.907557,2022,10
2022_10_NO_PIT,PIT,NO,19.25,20.25,1.0,39.5,10.0,20.0,10.0,30.0,-3.4046206,2022,10
2022_10_SEA_TB,TB,SEA,21.25,23.75,2.5,45.0,16.0,21.0,5.0,37.0,1.2876729,2022,10
2022_10_WAS_PHI,PHI,WAS,16.0,27.0,11.0,43.0,32.0,21.0,-11.0,53.0,7.9561114,2022,10
2022_11_CAR_BAL,BAL,CAR,14.5,27.5,13.0,42.0,3.0,13.0,10.0,16.0,8.641993,2022,11
2022_11_CHI_ATL,ATL,CHI,22.75,25.75,3.0,48.5,24.0,27.0,3.0,51.0,1.0195425,2022,11
2022_11_CIN_PIT,PIT,CIN,21.25,17.75,-3.5,39.0,37.0,30.0,-7.0,67.0,-4.358073,2022,11
2022_11_CLE_BUF,BUF,CLE,21.5,29.0,7.5,50.5,23.0,31.0,8.0,54.0,7.9622936,2022,11
2022_11_DAL_MIN,MIN,DAL,25.0,23.5,-1.5,48.5,40.0,3.0,-37.0,43.0,0.46275258,2022,11
2022_11_DET_NYG,NYG,DET,20.5,23.5,3.0,44.0,31.0,18.0,-13.0,49.0,3.4282198,2022,11
2022_11_KC_LAC,LAC,KC,29.0,23.5,-5.5,52.5,30.0,27.0,-3.0,57.0,-0.8653648,2022,11
2022_11_LA_NO,NO,LA,18.5,21.0,2.5,39.5,20.0,27.0,7.0,47.0,-1.7739072,2022,11
2022_11_LV_DEN,DEN,LV,19.5,22.0,2.5,41.5,22.0,16.0,-6.0,38.0,-2.0434847,2022,11
2022_11_NYJ_NE,NE,NYJ,17.5,21.0,3.5,38.5,3.0,10.0,7.0,13.0,9.816439,2022,11
2022_11_PHI_IND,IND,PHI,26.0,19.5,-6.5,45.5,17.0,16.0,-1.0,33.0,-7.761183,2022,11
2022_11_SF_ARI,ARI,SF,26.75,16.75,-10.0,43.5,38.0,10.0,-28.0,48.0,-4.4965305,2022,11
2022_11_TEN_GB,GB,TEN,18.75,21.75,3.0,40.5,27.0,17.0,-10.0,44.0,-0.2009325,2022,11
2022_11_WAS_HOU,HOU,WAS,22.0,19.0,-3.0,41.0,23.0,10.0,-13.0,33.0,-1.8037982,2022,11
2022_12_ATL_WAS,WAS,ATL,18.5,22.0,3.5,40.5,13.0,19.0,6.0,32.0,0.2883451,2022,12
2022_12_BAL_JAX,JAX,BAL,23.25,19.75,-3.5,43.0,27.0,28.0,1.0,55.0,-4.5093,2022,12
2022_12_BUF_DET,DET,BUF,32.0,22.0,-10.0,54.0,28.0,25.0,-3.0,53.0,-4.766856,2022,12
2022_12_CHI_NYJ,NYJ,CHI,14.0,22.5,8.5,36.5,10.0,31.0,21.0,41.0,1.6946145,2022,12
2022_12_CIN_TEN,TEN,CIN,22.0,21.0,-1.0,43.0,20.0,16.0,-4.0,36.0,0.14118505,2022,12
2022_12_DEN_CAR,CAR,DEN,18.75,17.75,-1.0,36.5,10.0,23.0,13.0,33.0,2.3803508,2022,12
2022_12_GB_PHI,PHI,GB,19.75,26.25,6.5,46.0,33.0,40.0,7.0,73.0,4.7723203,2022,12
2022_12_HOU_MIA,MIA,HOU,16.5,30.5,14.0,47.0,15.0,30.0,15.0,45.0,6.263503,2022,12
2022_12_LAC_ARI,ARI,LAC,25.5,23.0,-2.5,48.5,25.0,24.0,-1.0,49.0,0.20251703,2022,12
2022_12_LA_KC,KC,LA,12.75,29.25,16.5,42.0,10.0,26.0,16.0,36.0,7.616719,2022,12
2022_12_LV_SEA,SEA,LV,21.75,25.75,4.0,47.5,40.0,34.0,-6.0,74.0,5.833888,2022,12
2022_12_NE_MIN,MIN,NE,20.0,22.5,2.5,42.5,26.0,33.0,7.0,59.0,7.343573,2022,12
2022_12_NO_SF,SF,NO,17.25,26.75,9.5,44.0,0.0,13.0,13.0,13.0,6.523294,2022,12
2022_12_NYG_DAL,DAL,NYG,17.5,28.0,10.5,45.5,20.0,28.0,8.0,48.0,7.00368,2022,12
2022_12_PIT_IND,IND,PIT,18.75,21.25,2.5,40.0,24.0,17.0,-7.0,41.0,1.9596375,2022,12
2022_12_TB_CLE,CLE,TB,22.5,19.5,-3.0,42.0,17.0,23.0,6.0,40.0,1.9316367,2022,12
2022_13_BUF_NE,NE,BUF,23.5,20.0,-3.5,43.5,24.0,10.0,-14.0,34.0,-4.1156363,2022,13
2022_13_CLE_HOU,HOU,CLE,27.25,19.75,-7.5,47.0,27.0,14.0,-13.0,41.0,-4.025357,2022,13
2022_13_DEN_BAL,BAL,DEN,15.5,25.0,9.5,40.5,9.0,10.0,1.0,19.0,11.417334,2022,13
2022_13_GB_CHI,CHI,GB,24.5,20.5,-4.0,45.0,28.0,19.0,-9.0,47.0,1.6513653,2022,13
2022_13_IND_DAL,DAL,IND,16.75,27.75,11.0,44.5,19.0,54.0,35.0,73.0,9.105509,2022,13
2022_13_JAX_DET,DET,JAX,25.25,26.25,1.0,51.5,14.0,40.0,26.0,54.0,2.926616,2022,13
2022_13_KC_CIN,CIN,KC,27.75,25.25,-2.5,53.0,24.0,27.0,3.0,51.0,-0.14034867,2022,13
2022_13_LAC_LV,LV,LAC,23.25,25.75,2.5,49.0,20.0,27.0,7.0,47.0,2.716519,2022,13
2022_13_MIA_SF,SF,MIA,20.75,25.25,4.5,46.0,17.0,33.0,16.0,50.0,4.787881,2022,13
2022_13_NO_TB,TB,NO,18.75,22.25,3.5,41.0,16.0,17.0,1.0,33.0,5.0605593,2022,13
2022_13_NYJ_MIN,MIN,NYJ,20.5,23.5,3.0,44.0,22.0,27.0,5.0,49.0,4.7578144,2022,13
2022_13_PIT_ATL,ATL,PIT,22.0,21.0,-1.0,43.0,19.0,16.0,-3.0,35.0,2.1192694,2022,13
2022_13_SEA_LA,LA,SEA,24.0,17.0,-7.0,41.0,27.0,23.0,-4.0,50.0,-0.6754286,2022,13
2022_13_TEN_PHI,PHI,TEN,19.75,24.75,5.0,44.5,10.0,35.0,25.0,45.0,5.2797866,2022,13
2022_13_WAS_NYG,NYG,WAS,21.25,18.75,-2.5,40.0,20.0,20.0,0.0,40.0,-0.3240769,2022,13
2022_14_BAL_PIT,PIT,BAL,17.75,19.25,1.5,37.0,16.0,14.0,-2.0,30.0,-1.1867638,2022,14
2022_14_CAR_SEA,SEA,CAR,20.5,24.0,3.5,44.5,30.0,24.0,-6.0,54.0,6.7288027,2022,14
2022_14_CLE_CIN,CIN,CLE,21.25,25.75,4.5,47.0,10.0,23.0,13.0,33.0,7.949867,2022,14
2022_14_HOU_DAL,DAL,HOU,13.75,30.75,17.0,44.5,23.0,27.0,4.0,50.0,10.655836,2022,14
2022_14_JAX_TEN,TEN,JAX,19.5,22.5,3.0,42.0,36.0,22.0,-14.0,58.0,1.295614,2022,14
2022_14_KC_DEN,DEN,KC,26.5,18.0,-8.5,44.5,34.0,28.0,-6.0,62.0,-10.921847,2022,14
2022_14_LV_LA,LA,LV,24.5,18.0,-6.5,42.5,16.0,17.0,1.0,33.0,-1.7070904,2022,14
2022_14_MIA_LAC,LAC,MIA,28.75,25.75,-3.0,54.5,17.0,23.0,6.0,40.0,-0.08762717,2022,14
2022_14_MIN_DET,DET,MIN,24.5,27.0,2.5,51.5,23.0,34.0,11.0,57.0,7.1521473,2022,14
2022_14_NE_ARI,ARI,NE,23.0,21.0,-2.0,44.0,27.0,13.0,-14.0,40.0,-1.2822647,2022,14
2022_14_NYJ_BUF,BUF,NYJ,16.75,26.75,10.0,43.5,12.0,20.0,8.0,32.0,7.7022653,2022,14
2022_14_PHI_NYG,NYG,PHI,26.0,18.5,-7.5,44.5,48.0,22.0,-26.0,70.0,-1.5817623,2022,14
2022_14_TB_SF,SF,TB,17.25,20.75,3.5,38.0,7.0,35.0,28.0,42.0,3.341951,2022,14
2022_15_ARI_DEN,DEN,ARI,18.0,19.5,1.5,37.5,15.0,24.0,9.0,39.0,-2.7344751,2022,15
2022_15_ATL_NO,NO,ATL,19.25,24.25,5.0,43.5,18.0,21.0,3.0,39.0,-0.23499131,2022,15
2022_15_BAL_CLE,CLE,BAL,18.5,21.0,2.5,39.5,3.0,13.0,10.0,16.0,-2.0387635,2022,15
2022_15_CIN_TB,TB,CIN,25.25,21.75,-3.5,47.0,34.0,23.0,-11.0,57.0,-3.1599426,2022,15
2022_15_DAL_JAX,JAX,DAL,26.25,22.25,-4.0,48.5,34.0,40.0,6.0,74.0,-5.865015,2022,15
2022_15_DET_NYJ,NYJ,DET,21.0,23.0,2.0,44.0,20.0,17.0,-3.0,37.0,-1.3511295,2022,15
2022_15_IND_MIN,MIN,IND,21.5,25.0,3.5,46.5,36.0,39.0,3.0,75.0,4.0553427,2022,15
2022_15_KC_HOU,HOU,KC,31.5,17.0,-14.5,48.5,30.0,24.0,-6.0,54.0,-6.78269,2022,15
2022_15_LA_GB,GB,LA,15.75,23.75,8.0,39.5,12.0,24.0,12.0,36.0,2.765688,2022,15
2022_15_MIA_BUF,BUF,MIA,18.5,25.5,7.0,44.0,29.0,32.0,3.0,61.0,10.91834,2022,15
2022_15_NE_LV,LV,NE,22.0,23.0,1.0,45.0,24.0,30.0,6.0,54.0,2.3934932,2022,15
2022_15_NYG_WAS,WAS,NYG,18.0,22.5,4.5,40.5,20.0,12.0,-8.0,32.0,0.8631947,2022,15
2022_15_PHI_CHI,CHI,PHI,28.25,19.75,-8.5,48.0,25.0,20.0,-5.0,45.0,-4.2191777,2022,15
2022_15_PIT_CAR,CAR,PIT,17.0,19.5,2.5,36.5,24.0,16.0,-8.0,40.0,1.1200237,2022,15
2022_15_SF_SEA,SEA,SF,23.0,20.0,-3.0,43.0,21.0,13.0,-8.0,34.0,-4.5313535,2022,15
2022_15_TEN_LAC,LAC,TEN,21.75,24.75,3.0,46.5,14.0,17.0,3.0,31.0,1.7456146,2022,15
2022_16_ATL_BAL,BAL,ATL,14.25,20.75,6.5,35.0,9.0,17.0,8.0,26.0,4.049795,2022,16
2022_16_BUF_CHI,CHI,BUF,24.0,16.0,-8.0,40.0,35.0,13.0,-22.0,48.0,-8.179805,2022,16
2022_16_CIN_NE,NE,CIN,22.5,19.5,-3.0,42.0,22.0,18.0,-4.0,40.0,-4.7220073,2022,16
2022_16_DEN_LA,LA,DEN,19.75,16.75,-3.0,36.5,14.0,51.0,37.0,65.0,1.7374147,2022,16
2022_16_DET_CAR,CAR,DET,23.0,20.5,-2.5,43.5,23.0,37.0,14.0,60.0,-2.8050022,2022,16
2022_16_GB_MIA,MIA,GB,22.75,26.25,3.5,49.0,26.0,20.0,-6.0,46.0,1.4508715,2022,16
2022_16_HOU_TEN,TEN,HOU,15.5,18.5,3.0,34.0,19.0,14.0,-5.0,33.0,-0.043266296,2022,16
2022_16_JAX_NYJ,NYJ,JAX,17.0,19.5,2.5,36.5,19.0,3.0,-16.0,22.0,0.4132533,2022,16
2022_16_LAC_IND,IND,LAC,24.0,20.5,-3.5,44.5,20.0,3.0,-17.0,23.0,-0.9248748,2022,16
2022_16_LV_PIT,PIT,LV,18.0,20.5,2.5,38.5,10.0,13.0,3.0,23.0,-3.516252,2022,16
2022_16_NO_CLE,CLE,NO,14.5,17.5,3.0,32.0,17.0,10.0,-7.0,27.0,4.9904075,2022,16
2022_16_NYG_MIN,MIN,NYG,21.75,26.25,4.5,48.0,24.0,27.0,3.0,51.0,1.8848381,2022,16
2022_16_PHI_DAL,DAL,PHI,22.0,26.0,4.0,48.0,34.0,40.0,6.0,74.0,3.6537528,2022,16
2022_16_SEA_KC,KC,SEA,20.0,30.5,10.5,50.5,10.0,24.0,14.0,34.0,2.3827314,2022,16
2022_16_TB_ARI,ARI,TB,24.5,17.0,-7.5,41.5,19.0,16.0,-3.0,35.0,0.8624873,2022,16
2022_16_WAS_SF,SF,WAS,15.5,22.0,6.5,37.5,20.0,37.0,17.0,57.0,7.557918,2022,16
2022_17_ARI_ATL,ATL,ARI,17.0,24.0,7.0,41.0,19.0,20.0,1.0,39.0,4.734596,2022,17
2022_17_CAR_TB,TB,CAR,18.5,22.0,3.5,40.5,24.0,30.0,6.0,54.0,0.5780561,2022,17
2022_17_CHI_DET,DET,CHI,24.0,28.5,4.5,52.5,10.0,41.0,31.0,51.0,6.9624596,2022,17
2022_17_CLE_WAS,WAS,CLE,20.25,21.25,1.0,41.5,24.0,10.0,-14.0,34.0,3.6746707,2022,17
2022_17_DAL_TEN,TEN,DAL,27.5,13.5,-14.0,41.0,27.0,13.0,-14.0,40.0,-8.738073,2022,17
2022_17_DEN_KC,KC,DEN,16.25,29.75,13.5,46.0,24.0,27.0,3.0,51.0,13.031247,2022,17
2022_17_IND_NYG,NYG,IND,16.5,22.0,5.5,38.5,10.0,38.0,28.0,48.0,7.187379,2022,17
2022_17_JAX_HOU,HOU,JAX,23.25,19.75,-3.5,43.0,31.0,3.0,-28.0,34.0,-4.875269,2022,17
2022_17_LA_LAC,LAC,LA,17.5,24.0,6.5,41.5,10.0,31.0,21.0,41.0,1.9237502,2022,17
2022_17_MIA_NE,NE,MIA,19.25,22.25,3.0,41.5,21.0,23.0,2.0,44.0,2.8836548,2022,17
2022_17_MIN_GB,GB,MIN,22.25,25.25,3.0,47.5,17.0,41.0,24.0,58.0,2.4652197,2022,17
2022_17_NO_PHI,PHI,NO,18.0,23.5,5.5,41.5,20.0,10.0,-10.0,30.0,10.64908,2022,17
2022_17_NYJ_SEA,SEA,NYJ,22.0,21.0,-1.0,43.0,6.0,23.0,17.0,29.0,-1.2040057,2022,17
2022_17_PIT_BAL,BAL,PIT,17.25,18.25,1.0,35.5,16.0,13.0,-3.0,29.0,0.8511443,2022,17
2022_17_SF_LV,LV,SF,25.75,15.75,-10.0,41.5,37.0,34.0,-3.0,71.0,-2.8831153,2022,17
2022_18_ARI_SF,SF,ARI,13.0,27.0,14.0,40.0,13.0,38.0,25.0,51.0,13.107486,2022,18
2022_18_BAL_CIN,CIN,BAL,14.0,25.0,11.0,39.0,16.0,27.0,11.0,43.0,4.0751514,2022,18
2022_18_CAR_NO,NO,CAR,19.0,22.5,3.5,41.5,10.0,7.0,-3.0,17.0,-0.018794537,2022,18
2022_18_CLE_PIT,PIT,CLE,18.75,21.25,2.5,40.0,14.0,28.0,14.0,42.0,5.173805,2022,18
2022_18_DAL_WAS,WAS,DAL,24.0,16.5,-7.5,40.5,6.0,26.0,20.0,32.0,-6.4324007,2022,18
2022_18_DET_GB,GB,DET,21.75,27.25,5.5,49.0,20.0,16.0,-4.0,36.0,-1.4223151,2022,18
2022_18_HOU_IND,IND,HOU,17.5,20.5,3.0,38.0,32.0,31.0,-1.0,63.0,1.2515938,2022,18
2022_18_KC_LV,LV,KC,30.25,21.25,-9.0,51.5,31.0,13.0,-18.0,44.0,-2.939045,2022,18
2022_18_LAC_DEN,DEN,LAC,16.25,22.25,6.0,38.5,28.0,31.0,3.0,59.0,-2.9884758,2022,18
2022_18_LA_SEA,SEA,LA,18.0,23.5,5.5,41.5,16.0,19.0,3.0,35.0,3.2908893,2022,18
2022_18_MIN_CHI,CHI,MIN,24.5,18.0,-6.5,42.5,29.0,13.0,-16.0,42.0,-0.7527504,2022,18
2022_18_NE_BUF,BUF,NE,18.0,26.0,8.0,44.0,23.0,35.0,12.0,58.0,14.051065,2022,18
2022_18_NYG_PHI,PHI,NYG,13.0,29.5,16.5,42.5,16.0,22.0,6.0,38.0,6.6978073,2022,18
2022_18_NYJ_MIA,MIA,NYJ,17.0,20.5,3.5,37.5,6.0,11.0,5.0,17.0,0.2640891,2022,18
2022_18_TB_ATL,ATL,TB,17.25,23.25,6.0,40.5,17.0,30.0,13.0,47.0,3.6703126,2022,18
2022_18_TEN_JAX,JAX,TEN,16.75,22.75,6.0,39.5,16.0,20.0,4.0,36.0,9.059487,2022,18
2023_01_ARI_WAS,WAS,ARI,15.5,22.5,7.0,38.0,16.0,20.0,4.0,36.0,3.4594393,2023,01
2023_01_BUF_NYJ,NYJ,BUF,23.5,21.0,-2.5,44.5,16.0,22.0,6.0,38.0,-1.389864,2023,01
2023_01_CAR_ATL,ATL,CAR,18.5,22.0,3.5,40.5,10.0,24.0,14.0,34.0,0.06479573,2023,01
2023_01_CIN_CLE,CLE,CIN,23.75,22.75,-1.0,46.5,3.0,24.0,21.0,27.0,-2.5127077,2023,01
2023_01_DAL_NYG,NYG,DAL,24.0,20.5,-3.5,44.5,40.0,0.0,-40.0,40.0,-1.774384,2023,01
2023_01_DET_KC,KC,DET,24.5,28.5,4.0,53.0,21.0,20.0,-1.0,41.0,4.1502633,2023,01
2023_01_GB_CHI,CHI,GB,20.0,21.0,1.0,41.0,38.0,20.0,-18.0,58.0,-5.9104977,2023,01
2023_01_HOU_BAL,BAL,HOU,17.0,26.5,9.5,43.5,9.0,25.0,16.0,34.0,9.66325,2023,01
2023_01_JAX_IND,IND,JAX,24.75,20.75,-4.0,45.5,31.0,21.0,-10.0,52.0,-10.983196,2023,01
2023_01_LA_SEA,SEA,LA,20.25,24.75,4.5,45.0,30.0,13.0,-17.0,43.0,4.2710314,2023,01
2023_01_LV_DEN,DEN,LV,20.0,23.0,3.0,43.0,17.0,16.0,-1.0,33.0,-4.8261952,2023,01
2023_01_MIA_LAC,LAC,MIA,23.75,26.75,3.0,50.5,36.0,34.0,-2.0,70.0,4.0664616,2023,01
2023_01_PHI_NE,NE,PHI,24.0,20.5,-3.5,44.5,25.0,20.0,-5.0,45.0,-5.536333,2023,01
2023_01_SF_PIT,PIT,SF,21.5,20.0,-1.5,41.5,30.0,7.0,-23.0,37.0,-6.01278,2023,01
2023_01_TB_MIN,MIN,TB,20.5,24.5,4.0,45.0,20.0,17.0,-3.0,37.0,3.0233881,2023,01
2023_01_TEN_NO,NO,TEN,19.0,22.0,3.0,41.0,15.0,16.0,1.0,31.0,5.4714823,2023,01
2023_02_BAL_CIN,CIN,BAL,21.0,24.5,3.5,45.5,27.0,24.0,-3.0,51.0,6.918292,2023,02
2023_02_CHI_TB,TB,CHI,19.25,21.75,2.5,41.0,17.0,27.0,10.0,44.0,2.1706707,2023,02
2023_02_CLE_PIT,PIT,CLE,20.75,18.25,-2.5,39.0,22.0,26.0,4.0,48.0,4.4562044,2023,02
2023_02_GB_ATL,ATL,GB,18.75,21.75,3.0,40.5,24.0,25.0,1.0,49.0,0.31867838,2023,02
2023_02_IND_HOU,HOU,IND,20.5,19.5,-1.0,40.0,31.0,20.0,-11.0,51.0,1.9271673,2023,02
2023_02_KC_JAX,JAX,KC,27.0,23.5,-3.5,50.5,17.0,9.0,-8.0,26.0,-2.3700643,2023,02
2023_02_LAC_TEN,TEN,LAC,24.0,21.5,-2.5,45.5,24.0,27.0,3.0,51.0,-3.9223895,2023,02
2023_02_LV_BUF,BUF,LV,19.75,27.25,7.5,47.0,10.0,38.0,28.0,48.0,7.5527554,2023,02
2023_02_MIA_NE,NE,MIA,24.25,22.25,-2.0,46.5,24.0,17.0,-7.0,41.0,2.980106,2023,02
2023_02_MIN_PHI,PHI,MIN,21.5,27.5,6.0,49.0,28.0,34.0,6.0,62.0,9.904417,2023,02
2023_02_NO_CAR,CAR,NO,21.25,18.25,-3.0,39.5,20.0,17.0,-3.0,37.0,0.34867978,2023,02
2023_02_NYG_ARI,ARI,NYG,22.5,17.5,-5.0,40.0,31.0,28.0,-3.0,59.0,-3.6487656,2023,02
2023_02_NYJ_DAL,DAL,NYJ,15.0,23.5,8.5,38.5,10.0,30.0,20.0,40.0,8.81424,2023,02
2023_02_SEA_DET,DET,SEA,21.5,26.0,4.5,47.5,37.0,31.0,-6.0,68.0,9.723576,2023,02
2023_02_SF_LA,LA,SF,26.25,18.75,-7.5,45.0,30.0,23.0,-7.0,53.0,-7.764141,2023,02
2023_02_WAS_DEN,DEN,WAS,17.25,21.25,4.0,38.5,35.0,33.0,-2.0,68.0,-2.3221197,2023,02
2023_03_ATL_DET,DET,ATL,22.25,25.25,3.0,47.5,6.0,20.0,14.0,26.0,9.236824,2023,03
2023_03_BUF_WAS,WAS,BUF,24.75,19.25,-5.5,44.0,37.0,3.0,-34.0,40.0,-2.4365606,2023,03
2023_03_CAR_SEA,SEA,CAR,18.75,23.75,5.0,42.5,27.0,37.0,10.0,64.0,1.7434838,2023,03
2023_03_CHI_KC,KC,CHI,17.5,30.5,13.0,48.0,10.0,41.0,31.0,51.0,16.904633,2023,03
2023_03_DAL_ARI,ARI,DAL,27.5,16.0,-11.5,43.5,16.0,28.0,12.0,44.0,-9.325892,2023,03
2023_03_DEN_MIA,MIA,DEN,20.75,26.75,6.0,47.5,20.0,70.0,50.0,90.0,5.1513777,2023,03
2023_03_HOU_JAX,JAX,HOU,18.0,25.5,7.5,43.5,37.0,17.0,-20.0,54.0,8.792782,2023,03
2023_03_IND_BAL,BAL,IND,18.0,25.5,7.5,43.5,22.0,19.0,-3.0,41.0,10.305321,2023,03
2023_03_LAC_MIN,MIN,LAC,26.5,27.5,1.0,54.0,28.0,24.0,-4.0,52.0,-4.4586163,2023,03
2023_03_LA_CIN,CIN,LA,21.25,24.25,3.0,45.5,16.0,19.0,3.0,35.0,7.1065364,2023,03
2023_03_NE_NYJ,NYJ,NE,19.0,16.5,-2.5,35.5,15.0,10.0,-5.0,25.0,4.7931905,2023,03
2023_03_NO_GB,GB,NO,21.5,20.0,-1.5,41.5,17.0,18.0,1.0,35.0,5.454157,2023,03
2023_03_NYG_SF,SF,NYG,16.5,27.0,10.5,43.5,12.0,30.0,18.0,42.0,15.107628,2023,03
2023_03_PHI_TB,TB,PHI,25.0,19.0,-6.0,44.0,25.0,11.0,-14.0,36.0,-11.6242075,2023,03
2023_03_PIT_LV,LV,PIT,20.25,23.25,3.0,43.5,23.0,18.0,-5.0,41.0,-2.8319435,2023,03
2023_03_TEN_CLE,CLE,TEN,17.25,20.75,3.5,38.0,3.0,27.0,24.0,30.0,2.8444653,2023,03
2023_04_ARI_SF,SF,ARI,14.5,29.5,15.0,44.0,16.0,35.0,19.0,51.0,17.418198,2023,04
2023_04_ATL_JAX,JAX,ATL,19.5,23.0,3.5,42.5,7.0,23.0,16.0,30.0,3.393171,2023,04
2023_04_BAL_CLE,CLE,BAL,20.25,18.25,-2.0,38.5,28.0,3.0,-25.0,31.0,-0.5734544,2023,04
2023_04_CIN_TEN,TEN,CIN,22.0,19.5,-2.5,41.5,3.0,27.0,24.0,30.0,-2.2938442,2023,04
2023_04_DEN_CHI,CHI,DEN,25.0,22.0,-3.0,47.0,31.0,28.0,-3.0,59.0,-2.5013285,2023,04
2023_04_DET_GB,GB,DET,23.75,21.25,-2.5,45.0,34.0,20.0,-14.0,54.0,3.300902,2023,04
2023_04_KC_NYJ,NYJ,KC,25.5,16.0,-9.5,41.5,23.0,20.0,-3.0,43.0,-4.8029785,2023,04
2023_04_LA_IND,IND,LA,22.75,21.75,-1.0,44.5,29.0,23.0,-6.0,52.0,-0.5234585,2023,04
2023_04_LV_LAC,LAC,LV,21.0,28.0,7.0,49.0,17.0,24.0,7.0,41.0,6.6907415,2023,04
2023_04_MIA_BUF,BUF,MIA,25.25,27.75,2.5,53.0,20.0,48.0,28.0,68.0,6.3770504,2023,04
2023_04_MIN_CAR,CAR,MIN,25.5,21.0,-4.5,46.5,21.0,13.0,-8.0,34.0,0.10691762,2023,04
2023_04_NE_DAL,DAL,NE,18.25,24.75,6.5,43.0,3.0,38.0,35.0,41.0,15.596667,2023,04
2023_04_PIT_HOU,HOU,PIT,22.25,19.25,-3.0,41.5,6.0,30.0,24.0,36.0,-1.4119749,2023,04
2023_04_SEA_NYG,NYG,SEA,24.5,22.0,-2.5,46.5,24.0,3.0,-21.0,27.0,-1.2260184,2023,04
2023_04_TB_NO,NO,TB,18.5,22.5,4.0,41.0,26.0,9.0,-17.0,35.0,2.1902246,2023,04
2023_04_WAS_PHI,PHI,WAS,16.75,26.25,9.5,43.0,31.0,34.0,3.0,65.0,6.1974063,2023,04
2023_05_BAL_PIT,PIT,BAL,21.5,17.0,-4.5,38.5,10.0,17.0,7.0,27.0,0.22175097,2023,05
2023_05_CAR_DET,DET,CAR,17.0,26.5,9.5,43.5,24.0,42.0,18.0,66.0,8.591998,2023,05
2023_05_CHI_WAS,WAS,CHI,19.75,25.75,6.0,45.5,40.0,20.0,-20.0,60.0,7.8215756,2023,05
2023_05_CIN_ARI,ARI,CIN,24.25,21.25,-3.0,45.5,34.0,20.0,-14.0,54.0,1.3358883,2023,05
2023_05_DAL_SF,SF,DAL,20.75,24.25,3.5,45.0,10.0,42.0,32.0,52.0,5.293379,2023,05
2023_05_GB_LV,LV,GB,22.0,23.0,1.0,45.0,13.0,17.0,4.0,30.0,-2.4664226,2023,05
2023_05_HOU_ATL,ATL,HOU,19.75,22.25,2.5,42.0,19.0,21.0,2.0,40.0,1.7255805,2023,05
2023_05_JAX_BUF,BUF,JAX,21.5,27.0,5.5,48.5,25.0,20.0,-5.0,45.0,7.548316,2023,05
2023_05_KC_MIN,MIN,KC,28.0,24.5,-3.5,52.5,27.0,20.0,-7.0,47.0,-4.5302663,2023,05
2023_05_NO_NE,NE,NO,18.0,20.5,2.5,38.5,34.0,0.0,-34.0,34.0,-0.29995728,2023,05
2023_05_NYG_MIA,MIA,NYG,17.5,30.0,12.5,47.5,16.0,31.0,15.0,47.0,1.7935838,2023,05
2023_05_NYJ_DEN,DEN,NYJ,20.0,22.5,2.5,42.5,31.0,21.0,-10.0,52.0,-2.4540486,2023,05
2023_05_PHI_LA,LA,PHI,27.0,23.5,-3.5,50.5,23.0,14.0,-9.0,37.0,-5.2813797,2023,05
2023_05_TEN_IND,IND,TEN,23.0,20.5,-2.5,43.5,16.0,23.0,7.0,39.0,1.1366485,2023,05
2023_06_ARI_LA,LA,ARI,20.5,27.5,7.0,48.0,9.0,26.0,17.0,35.0,0.51632404,2023,06
2023_06_BAL_TEN,TEN,BAL,24.0,18.5,-5.5,42.5,24.0,16.0,-8.0,40.0,-2.4924355,2023,06
2023_06_CAR_MIA,MIA,CAR,16.75,30.75,14.0,47.5,21.0,42.0,21.0,63.0,3.6321187,2023,06
2023_06_DAL_LAC,LAC,DAL,25.5,24.0,-1.5,49.5,20.0,17.0,-3.0,37.0,1.0232024,2023,06
2023_06_DEN_KC,KC,DEN,18.5,29.0,10.5,47.5,8.0,19.0,11.0,27.0,13.659787,2023,06
2023_06_DET_TB,TB,DET,23.25,20.25,-3.0,43.5,20.0,6.0,-14.0,26.0,-7.1963177,2023,06
2023_06_IND_JAX,JAX,IND,20.0,24.0,4.0,44.0,20.0,37.0,17.0,57.0,6.7765465,2023,06
2023_06_MIN_CHI,CHI,MIN,23.75,20.75,-3.0,44.5,19.0,13.0,-6.0,32.0,-2.608459,2023,06
2023_06_NE_LV,LV,NE,19.25,22.25,3.0,41.5,17.0,21.0,4.0,38.0,2.8944914,2023,06
2023_06_NO_HOU,HOU,NO,22.25,20.25,-2.0,42.5,13.0,20.0,7.0,33.0,2.1921291,2023,06
2023_06_NYG_BUF,BUF,NYG,14.0,29.5,15.5,43.5,9.0,14.0,5.0,23.0,8.948625,2023,06
2023_06_PHI_NYJ,NYJ,PHI,24.75,18.25,-6.5,43.0,14.0,20.0,6.0,34.0,-7.7491627,2023,06
2023_06_SEA_CIN,CIN,SEA,21.25,24.25,3.0,45.5,13.0,17.0,4.0,30.0,4.7879925,2023,06
2023_06_SF_CLE,CLE,SF,22.75,13.25,-9.5,36.0,17.0,19.0,2.0,36.0,-6.2124157,2023,06
2023_06_WAS_ATL,ATL,WAS,20.25,21.75,1.5,42.0,24.0,16.0,-8.0,40.0,0.33081293,2023,06
2023_07_ARI_SEA,SEA,ARI,17.0,26.5,9.5,43.5,10.0,20.0,10.0,30.0,8.600509,2023,07
2023_07_ATL_TB,TB,ATL,17.25,20.25,3.0,37.5,16.0,13.0,-3.0,29.0,-2.3308148,2023,07
2023_07_BUF_NE,NE,BUF,24.25,16.75,-7.5,41.0,25.0,29.0,4.0,54.0,-11.127085,2023,07
2023_07_CLE_IND,IND,CLE,21.75,18.25,-3.5,40.0,39.0,38.0,-1.0,77.0,-2.3707423,2023,07
2023_07_DET_BAL,BAL,DET,20.25,23.25,3.0,43.5,6.0,38.0,32.0,44.0,-1.7200966,2023,07
2023_07_GB_DEN,DEN,GB,21.25,22.75,1.5,44.0,17.0,19.0,2.0,36.0,-6.8942566,2023,07
2023_07_JAX_NO,NO,JAX,19.25,21.75,2.5,41.0,31.0,24.0,-7.0,55.0,-2.4278598,2023,07
2023_07_LAC_KC,KC,LAC,21.5,27.0,5.5,48.5,17.0,31.0,14.0,48.0,8.024294,2023,07
2023_07_LV_CHI,CHI,LV,20.5,18.0,-2.5,38.5,12.0,30.0,18.0,42.0,-0.10716486,2023,07
2023_07_MIA_PHI,PHI,MIA,24.5,27.5,3.0,52.0,17.0,31.0,14.0,48.0,2.2645612,2023,07
2023_07_PIT_LA,LA,PIT,20.25,23.75,3.5,44.0,24.0,17.0,-7.0,41.0,1.7725897,2023,07
2023_07_SF_MIN,MIN,SF,25.75,18.75,-7.0,44.5,17.0,22.0,5.0,39.0,-6.4167805,2023,07
2023_07_WAS_NYG,NYG,WAS,20.0,17.0,-3.0,37.0,7.0,14.0,7.0,21.0,1.9712415,2023,07
2023_08_ATL_TEN,TEN,ATL,18.75,16.25,-2.5,35.0,23.0,28.0,5.0,51.0,3.0698605,2023,08
2023_08_BAL_ARI,ARI,BAL,27.0,17.5,-9.5,44.5,31.0,24.0,-7.0,55.0,-3.4814625,2023,08
2023_08_CHI_LAC,LAC,CHI,18.25,27.75,9.5,46.0,13.0,30.0,17.0,43.0,11.408676,2023,08
2023_08_CIN_SF,SF,CIN,20.0,24.0,4.0,44.0,31.0,17.0,-14.0,48.0,10.711235,2023,08
2023_08_CLE_SEA,SEA,CLE,17.75,21.75,4.0,39.5,20.0,24.0,4.0,44.0,3.46416,2023,08
2023_08_HOU_CAR,CAR,HOU,23.0,20.0,-3.0,43.0,13.0,15.0,2.0,28.0,1.5156323,2023,08
2023_08_JAX_PIT,PIT,JAX,21.75,19.25,-2.5,41.0,20.0,10.0,-10.0,30.0,-2.1161885,2023,08
2023_08_KC_DEN,DEN,KC,26.25,19.25,-7.0,45.5,9.0,24.0,15.0,33.0,-10.293523,2023,08
2023_08_LA_DAL,DAL,LA,19.0,25.5,6.5,44.5,20.0,43.0,23.0,63.0,8.081989,2023,08
2023_08_LV_DET,DET,LV,19.5,26.5,7.0,46.0,14.0,26.0,12.0,40.0,8.457703,2023,08
2023_08_MIN_GB,GB,MIN,21.25,20.25,-1.0,41.5,24.0,10.0,-14.0,34.0,4.771131,2023,08
2023_08_NE_MIA,MIA,NE,19.5,27.0,7.5,46.5,17.0,31.0,14.0,48.0,10.796895,2023,08
2023_08_NO_IND,IND,NO,22.75,20.75,-2.0,43.5,38.0,27.0,-11.0,65.0,-1.2551932,2023,08
2023_08_NYJ_NYG,NYG,NYJ,19.0,16.0,-3.0,35.0,13.0,10.0,-3.0,23.0,1.2829556,2023,08
2023_08_PHI_WAS,WAS,PHI,24.75,17.75,-7.0,42.5,38.0,31.0,-7.0,69.0,-9.803442,2023,08
2023_08_TB_BUF,BUF,TB,16.5,26.5,10.0,43.0,18.0,24.0,6.0,42.0,8.543692,2023,08
2023_09_ARI_CLE,CLE,ARI,12.5,25.5,13.0,38.0,0.0,27.0,27.0,27.0,7.673882,2023,09
2023_09_BUF_CIN,CIN,BUF,24.75,26.25,1.5,51.0,18.0,24.0,6.0,42.0,2.100993,2023,09
2023_09_CHI_NO,NO,CHI,16.5,25.5,9.0,42.0,17.0,24.0,7.0,41.0,7.321348,2023,09
2023_09_DAL_PHI,PHI,DAL,21.5,25.0,3.5,46.5,23.0,28.0,5.0,51.0,1.7367288,2023,09
2023_09_IND_CAR,CAR,IND,23.25,21.75,-1.5,45.0,27.0,13.0,-14.0,40.0,2.4901695,2023,09
2023_09_LAC_NYJ,NYJ,LAC,22.0,19.0,-3.0,41.0,27.0,6.0,-21.0,33.0,-1.2154999,2023,09
2023_09_LA_GB,GB,LA,17.25,20.75,3.5,38.0,3.0,20.0,17.0,23.0,1.2862105,2023,09
2023_09_MIA_KC,KC,MIA,25.0,26.0,1.0,51.0,14.0,21.0,7.0,35.0,6.732467,2023,09
2023_09_MIN_ATL,ATL,MIN,17.5,21.0,3.5,38.5,31.0,28.0,-3.0,59.0,-4.4732494,2023,09
2023_09_NYG_LV,LV,NYG,18.75,19.75,1.0,38.5,6.0,30.0,24.0,36.0,-1.3698983,2023,09
2023_09_SEA_BAL,BAL,SEA,19.25,25.25,6.0,44.5,3.0,37.0,34.0,40.0,5.682701,2023,09
2023_09_TB_HOU,HOU,TB,18.5,21.0,2.5,39.5,37.0,39.0,2.0,76.0,4.23705,2023,09
2023_09_TEN_PIT,PIT,TEN,16.75,20.25,3.5,37.0,16.0,20.0,4.0,36.0,1.810051,2023,09
2023_09_WAS_NE,NE,WAS,19.0,21.5,2.5,40.5,20.0,17.0,-3.0,37.0,0.56611514,2023,09
2023_10_ATL_ARI,ARI,ATL,22.75,20.75,-2.0,43.5,23.0,25.0,2.0,48.0,-1.8192172,2023,10
2023_10_CAR_CHI,CHI,CAR,17.5,20.5,3.0,38.0,13.0,16.0,3.0,29.0,-1.4982309,2023,10
2023_10_CLE_BAL,BAL,CLE,16.25,22.25,6.0,38.5,33.0,31.0,-2.0,64.0,7.140993,2023,10
2023_10_DEN_BUF,BUF,DEN,20.0,27.5,7.5,47.5,24.0,22.0,-2.0,46.0,10.540348,2023,10
2023_10_DET_LAC,LAC,DET,25.5,23.0,-2.5,48.5,41.0,38.0,-3.0,79.0,-2.9958525,2023,10
2023_10_GB_PIT,PIT,GB,17.75,20.75,3.0,38.5,19.0,23.0,4.0,42.0,4.628965,2023,10
2023_10_HOU_CIN,CIN,HOU,20.25,25.75,5.5,46.0,30.0,27.0,-3.0,57.0,3.8116953,2023,10
2023_10_IND_NE,NE,IND,21.5,20.5,-1.0,42.0,10.0,6.0,-4.0,16.0,-1.293261,2023,10
2023_10_NO_MIN,MIN,NO,22.0,19.0,-3.0,41.0,19.0,27.0,8.0,46.0,4.29008,2023,10
2023_10_NYG_DAL,DAL,NYG,10.5,28.0,17.5,38.5,17.0,49.0,32.0,66.0,12.017438,2023,10
2023_10_NYJ_LV,LV,NYJ,18.25,17.25,-1.0,35.5,12.0,16.0,4.0,28.0,-1.2899213,2023,10
2023_10_SF_JAX,JAX,SF,23.75,20.75,-3.0,44.5,34.0,3.0,-31.0,37.0,1.1966987,2023,10
2023_10_TEN_TB,TB,TEN,18.5,21.0,2.5,39.5,6.0,20.0,14.0,26.0,0.5138867,2023,10
2023_10_WAS_SEA,SEA,WAS,19.0,25.0,6.0,44.0,26.0,29.0,3.0,55.0,3.3938024,2023,10
2023_11_ARI_HOU,HOU,ARI,21.25,26.75,5.5,48.0,16.0,21.0,5.0,37.0,9.6448345,2023,11
2023_11_CHI_DET,DET,CHI,20.0,28.0,8.0,48.0,26.0,31.0,5.0,57.0,11.242384,2023,11
2023_11_CIN_BAL,BAL,CIN,21.25,25.25,4.0,46.5,20.0,34.0,14.0,54.0,2.259907,2023,11
2023_11_DAL_CAR,CAR,DAL,27.0,16.0,-11.0,43.0,33.0,10.0,-23.0,43.0,-12.167513,2023,11
2023_11_LAC_GB,GB,LAC,23.5,20.5,-3.0,44.0,20.0,23.0,3.0,43.0,0.7412839,2023,11
2023_11_LV_MIA,MIA,LV,15.25,29.25,14.0,44.5,13.0,20.0,7.0,33.0,11.119059,2023,11
2023_11_MIN_DEN,DEN,MIN,20.5,23.0,2.5,43.5,20.0,21.0,1.0,41.0,2.2188816,2023,11
2023_11_NYG_WAS,WAS,NYG,15.75,23.25,7.5,39.0,31.0,19.0,-12.0,50.0,0.9225354,2023,11
2023_11_NYJ_BUF,BUF,NYJ,15.75,23.75,8.0,39.5,6.0,32.0,26.0,38.0,6.9792166,2023,11
2023_11_PHI_KC,KC,PHI,21.75,24.25,2.5,46.0,21.0,17.0,-4.0,38.0,-2.745273,2023,11
2023_11_PIT_CLE,CLE,PIT,15.75,18.25,2.5,34.0,10.0,13.0,3.0,23.0,4.15175,2023,11
2023_11_SEA_LA,LA,SEA,21.25,23.75,2.5,45.0,16.0,17.0,1.0,33.0,0.79610896,2023,11
2023_11_TB_SF,SF,TB,14.0,27.5,13.5,41.5,14.0,27.0,13.0,41.0,6.043572,2023,11
2023_11_TEN_JAX,JAX,TEN,16.75,23.25,6.5,40.0,14.0,34.0,20.0,48.0,5.9759407,2023,11
2023_12_BAL_LAC,LAC,BAL,26.0,23.0,-3.0,49.0,20.0,10.0,-10.0,30.0,0.5057626,2023,12
2023_12_BUF_PHI,PHI,BUF,23.25,25.75,2.5,49.0,34.0,37.0,3.0,71.0,8.600559,2023,12
2023_12_CAR_TEN,TEN,CAR,16.25,19.75,3.5,36.0,10.0,17.0,7.0,27.0,0.9103813,2023,12
2023_12_CHI_MIN,MIN,CHI,20.25,23.25,3.0,43.5,12.0,10.0,-2.0,22.0,12.249468,2023,12
2023_12_CLE_DEN,DEN,CLE,18.0,19.5,1.5,37.5,12.0,29.0,17.0,41.0,5.472053,2023,12
2023_12_GB_DET,DET,GB,19.25,27.75,8.5,47.0,29.0,22.0,-7.0,51.0,7.2033367,2023,12
2023_12_JAX_HOU,HOU,JAX,24.5,23.5,-1.0,48.0,24.0,21.0,-3.0,45.0,1.4369134,2023,12
2023_12_KC_LV,LV,KC,25.75,16.75,-9.0,42.5,31.0,17.0,-14.0,48.0,-3.3493986,2023,12
2023_12_LA_ARI,ARI,LA,24.0,21.0,-3.0,45.0,37.0,14.0,-23.0,51.0,2.5313053,2023,12
2023_12_MIA_NYJ,NYJ,MIA,24.75,15.25,-9.5,40.0,34.0,13.0,-21.0,47.0,-4.74228,2023,12
2023_12_NE_NYG,NYG,NE,20.5,16.0,-4.5,36.5,7.0,10.0,3.0,17.0,1.2348497,2023,12
2023_12_NO_ATL,ATL,NO,22.0,20.0,-2.0,42.0,15.0,24.0,9.0,39.0,-2.8551922,2023,12
2023_12_PIT_CIN,CIN,PIT,19.0,17.0,-2.0,36.0,16.0,10.0,-6.0,26.0,3.7453587,2023,12
2023_12_SF_SEA,SEA,SF,25.25,18.25,-7.0,43.5,31.0,13.0,-18.0,44.0,-6.2338476,2023,12
2023_12_TB_IND,IND,TB,21.25,23.75,2.5,45.0,20.0,27.0,7.0,47.0,1.2439117,2023,12
2023_12_WAS_DAL,DAL,WAS,17.5,30.5,13.0,48.0,10.0,45.0,35.0,55.0,13.897243,2023,12
2023_13_ARI_PIT,PIT,ARI,17.5,23.5,6.0,41.0,24.0,10.0,-14.0,34.0,7.211101,2023,13
2023_13_ATL_NYJ,NYJ,ATL,17.5,15.5,-2.0,33.0,13.0,8.0,-5.0,21.0,0.167099,2023,13
2023_13_CAR_TB,TB,CAR,16.5,20.5,4.0,37.0,18.0,21.0,3.0,39.0,6.5554614,2023,13
2023_13_CIN_JAX,JAX,CIN,15.5,25.5,10.0,41.0,34.0,31.0,-3.0,65.0,0.29415798,2023,13
2023_13_CLE_LA,LA,CLE,18.0,21.5,3.5,39.5,19.0,36.0,17.0,55.0,3.016603,2023,13
2023_13_DEN_HOU,HOU,DEN,22.0,25.5,3.5,47.5,17.0,22.0,5.0,39.0,6.786202,2023,13
2023_13_DET_NO,NO,DET,25.75,21.75,-4.0,47.5,33.0,28.0,-5.0,61.0,-3.26607,2023,13
2023_13_IND_TEN,TEN,IND,21.75,20.25,-1.5,42.0,31.0,28.0,-3.0,59.0,-1.9522209,2023,13
2023_13_KC_GB,GB,KC,24.5,19.0,-5.5,43.5,19.0,27.0,8.0,46.0,1.0815467,2023,13
2023_13_LAC_NE,NE,LAC,21.5,17.0,-4.5,38.5,6.0,0.0,-6.0,6.0,-5.421075,2023,13
2023_13_MIA_WAS,WAS,MIA,29.25,20.75,-8.5,50.0,45.0,15.0,-30.0,60.0,-8.262239,2023,13
2023_13_SEA_DAL,DAL,SEA,19.0,28.5,9.5,47.5,35.0,41.0,6.0,76.0,11.740015,2023,13
2023_13_SF_PHI,PHI,SF,24.75,21.75,-3.0,46.5,42.0,19.0,-23.0,61.0,1.4383692,2023,13
2023_14_BUF_KC,KC,BUF,23.75,25.75,2.0,49.5,20.0,17.0,-3.0,37.0,1.8447022,2023,14
2023_14_CAR_NO,NO,CAR,16.75,22.25,5.5,39.0,6.0,28.0,22.0,34.0,3.5565903,2023,14
2023_14_DEN_LAC,LAC,DEN,21.0,24.0,3.0,45.0,24.0,7.0,-17.0,31.0,6.5325217,2023,14
2023_14_DET_CHI,CHI,DET,23.75,20.75,-3.0,44.5,13.0,28.0,15.0,41.0,-5.3257885,2023,14
2023_14_GB_NYG,NYG,GB,21.75,15.75,-6.0,37.5,22.0,24.0,2.0,46.0,-3.9133887,2023,14
2023_14_HOU_NYJ,NYJ,HOU,18.5,15.0,-3.5,33.5,6.0,30.0,24.0,36.0,-5.044324,2023,14
2023_14_IND_CIN,CIN,IND,21.0,24.0,3.0,45.0,14.0,34.0,20.0,48.0,3.7519107,2023,14
2023_14_JAX_CLE,CLE,JAX,17.5,20.0,2.5,37.5,27.0,31.0,4.0,58.0,-2.2493887,2023,14
2023_14_LA_BAL,BAL,LA,17.25,24.75,7.5,42.0,31.0,37.0,6.0,68.0,8.470589,2023,14
2023_14_MIN_LV,LV,MIN,21.75,18.75,-3.0,40.5,3.0,0.0,-3.0,3.0,2.1860416,2023,14
2023_14_NE_PIT,PIT,NE,12.0,18.0,6.0,30.0,21.0,18.0,-3.0,39.0,4.825985,2023,14
2023_14_PHI_DAL,DAL,PHI,24.5,28.0,3.5,52.5,13.0,33.0,20.0,46.0,7.2684283,2023,14
2023_14_SEA_SF,SF,SEA,15.0,29.5,14.5,44.5,16.0,28.0,12.0,44.0,12.601889,2023,14
2023_14_TB_ATL,ATL,TB,20.0,21.5,1.5,41.5,29.0,25.0,-4.0,54.0,0.9195473,2023,14
2023_14_TEN_MIA,MIA,TEN,15.5,29.5,14.0,45.0,28.0,27.0,-1.0,55.0,8.9344,2023,14
2023_15_ATL_CAR,CAR,ATL,17.5,14.5,-3.0,32.0,7.0,9.0,2.0,16.0,-4.691151,2023,15
2023_15_BAL_JAX,JAX,BAL,23.25,19.25,-4.0,42.5,23.0,7.0,-16.0,30.0,-1.2444606,2023,15
2023_15_CHI_CLE,CLE,CHI,17.5,20.5,3.0,38.0,17.0,20.0,3.0,37.0,3.0231721,2023,15
2023_15_DAL_BUF,BUF,DAL,23.75,25.75,2.0,49.5,10.0,31.0,21.0,41.0,-0.59257555,2023,15
2023_15_DEN_DET,DET,DEN,21.75,27.25,5.5,49.0,17.0,42.0,25.0,59.0,6.5477457,2023,15
2023_15_HOU_TEN,TEN,HOU,17.5,20.5,3.0,38.0,19.0,16.0,-3.0,35.0,1.7511026,2023,15
2023_15_KC_NE,NE,KC,24.75,14.75,-10.0,39.5,27.0,17.0,-10.0,44.0,-9.029794,2023,15
2023_15_LAC_LV,LV,LAC,16.5,19.5,3.0,36.0,21.0,63.0,42.0,84.0,-6.562091,2023,15
2023_15_MIN_CIN,CIN,MIN,19.25,22.25,3.0,41.5,24.0,27.0,3.0,51.0,5.379157,2023,15
2023_15_NYG_NO,NO,NYG,16.75,22.75,6.0,39.5,6.0,24.0,18.0,30.0,2.9723995,2023,15
2023_15_NYJ_MIA,MIA,NYJ,14.25,21.75,7.5,36.0,0.0,30.0,30.0,30.0,11.839006,2023,15
2023_15_PHI_SEA,SEA,PHI,25.5,20.5,-5.0,46.0,17.0,20.0,3.0,37.0,-4.633984,2023,15
2023_15_PIT_IND,IND,PIT,20.0,21.5,1.5,41.5,13.0,30.0,17.0,43.0,0.74816966,2023,15
2023_15_SF_ARI,ARI,SF,30.25,17.75,-12.5,48.0,45.0,29.0,-16.0,74.0,-11.07118,2023,15
2023_15_TB_GB,GB,TB,18.75,22.75,4.0,41.5,34.0,20.0,-14.0,54.0,5.9575553,2023,15
2023_15_WAS_LA,LA,WAS,21.0,27.5,6.5,48.5,20.0,28.0,8.0,48.0,3.9470348,2023,15
2023_16_ARI_CHI,CHI,ARI,18.75,23.25,4.5,42.0,16.0,27.0,11.0,43.0,5.291589,2023,16
2023_16_BAL_SF,SF,BAL,20.5,27.0,6.5,47.5,33.0,19.0,-14.0,52.0,5.150772,2023,16
2023_16_BUF_LAC,LAC,BUF,28.75,15.75,-13.0,44.5,24.0,22.0,-2.0,46.0,-3.2178388,2023,16
2023_16_CIN_PIT,PIT,CIN,21.25,18.25,-3.0,39.5,11.0,34.0,23.0,45.0,-5.277238,2023,16
2023_16_CLE_HOU,HOU,CLE,21.5,18.5,-3.0,40.0,36.0,22.0,-14.0,58.0,4.559143,2023,16
2023_16_DAL_MIA,MIA,DAL,23.5,25.0,1.5,48.5,20.0,22.0,2.0,42.0,-0.2226901,2023,16
2023_16_DET_MIN,MIN,DET,25.0,22.5,-2.5,47.5,30.0,24.0,-6.0,54.0,-3.4690738,2023,16
2023_16_GB_CAR,CAR,GB,21.5,18.0,-3.5,39.5,33.0,30.0,-3.0,63.0,-4.124441,2023,16
2023_16_IND_ATL,ATL,IND,20.5,23.5,3.0,44.0,10.0,29.0,19.0,39.0,-3.1114988,2023,16
2023_16_JAX_TB,TB,JAX,22.5,20.5,-2.0,43.0,12.0,30.0,18.0,42.0,-0.09063411,2023,16
2023_16_LV_KC,KC,LV,14.75,25.75,11.0,40.5,20.0,14.0,-6.0,34.0,7.764369,2023,16
2023_16_NE_DEN,DEN,NE,15.25,22.25,7.0,37.5,26.0,23.0,-3.0,49.0,2.0923645,2023,16
2023_16_NO_LA,LA,NO,20.75,24.75,4.0,45.5,22.0,30.0,8.0,52.0,1.4113746,2023,16
2023_16_NYG_PHI,PHI,NYG,13.5,27.5,14.0,41.0,25.0,33.0,8.0,58.0,9.538894,2023,16
2023_16_SEA_TEN,TEN,SEA,22.5,19.5,-3.0,42.0,20.0,17.0,-3.0,37.0,0.23172641,2023,16
2023_16_WAS_NYJ,NYJ,WAS,16.75,19.75,3.0,36.5,28.0,30.0,2.0,58.0,2.3055973,2023,16
2023_17_ARI_PHI,PHI,ARI,18.0,30.0,12.0,48.0,35.0,31.0,-4.0,66.0,7.5617695,2023,17
2023_17_ATL_CHI,CHI,ATL,18.0,21.0,3.0,39.0,17.0,37.0,20.0,54.0,3.1926208,2023,17
2023_17_CAR_JAX,JAX,CAR,17.25,20.75,3.5,38.0,0.0,26.0,26.0,26.0,8.781837,2023,17
2023_17_CIN_KC,KC,CIN,19.25,26.75,7.5,46.0,17.0,25.0,8.0,42.0,0.9724977,2023,17
2023_17_DET_DAL,DAL,DET,23.75,29.25,5.5,53.0,19.0,20.0,1.0,39.0,7.9771714,2023,17
2023_17_GB_MIN,MIN,GB,20.75,21.75,1.0,42.5,33.0,10.0,-23.0,43.0,-0.010360241,2023,17
2023_17_LAC_DEN,DEN,LAC,18.0,21.5,3.5,39.5,9.0,16.0,7.0,25.0,1.4389482,2023,17
2023_17_LA_NYG,NYG,LA,24.75,18.75,-6.0,43.5,26.0,25.0,-1.0,51.0,-5.22805,2023,17
2023_17_LV_IND,IND,LV,19.5,23.0,3.5,42.5,20.0,23.0,3.0,43.0,4.840919,2023,17
2023_17_MIA_BAL,BAL,MIA,22.0,25.0,3.0,47.0,19.0,56.0,37.0,75.0,5.6855702,2023,17
2023_17_NE_BUF,BUF,NE,12.5,27.5,15.0,40.0,21.0,27.0,6.0,48.0,7.9307423,2023,17
2023_17_NO_TB,TB,NO,20.0,22.5,2.5,42.5,23.0,13.0,-10.0,36.0,3.3567295,2023,17
2023_17_NYJ_CLE,CLE,NYJ,13.5,20.0,6.5,33.5,20.0,37.0,17.0,57.0,8.107885,2023,17
2023_17_PIT_SEA,SEA,PIT,18.0,22.5,4.5,40.5,30.0,23.0,-7.0,53.0,4.254522,2023,17
2023_17_SF_WAS,WAS,SF,31.5,17.5,-14.0,49.0,27.0,10.0,-17.0,37.0,-13.684402,2023,17
2023_17_TEN_HOU,HOU,TEN,19.5,24.5,5.0,44.0,3.0,26.0,23.0,29.0,3.4738784,2023,17
2023_18_ATL_NO,NO,ATL,19.0,22.5,3.5,41.5,17.0,48.0,31.0,65.0,4.4452534,2023,18
2023_18_BUF_MIA,MIA,BUF,25.0,22.5,-2.5,47.5,21.0,14.0,-7.0,35.0,3.3667784,2023,18
2023_18_CHI_GB,GB,CHI,21.5,24.0,2.5,45.5,9.0,17.0,8.0,26.0,1.4398601,2023,18
2023_18_CLE_CIN,CIN,CLE,14.75,22.25,7.5,37.0,14.0,31.0,17.0,45.0,3.6837816,2023,18
2023_18_DAL_WAS,WAS,DAL,30.25,17.25,-13.0,47.5,38.0,10.0,-28.0,48.0,-11.2538805,2023,18
2023_18_DEN_LV,LV,DEN,17.0,20.5,3.5,37.5,14.0,27.0,13.0,41.0,2.425185,2023,18
2023_18_HOU_IND,IND,HOU,24.5,23.0,-1.5,47.5,23.0,19.0,-4.0,42.0,-0.04824233,2023,18
2023_18_JAX_TEN,TEN,JAX,22.5,19.0,-3.5,41.5,20.0,28.0,8.0,48.0,0.010876417,2023,18
2023_18_KC_LAC,LAC,KC,15.75,19.25,3.5,35.0,13.0,12.0,-1.0,25.0,-5.7905254,2023,18
2023_18_LA_SF,SF,LA,17.25,22.75,5.5,40.0,21.0,20.0,-1.0,41.0,7.728037,2023,18
2023_18_MIN_DET,DET,MIN,22.0,25.5,3.5,47.5,20.0,30.0,10.0,50.0,5.4975653,2023,18
2023_18_NYJ_NE,NE,NYJ,13.0,15.5,2.5,28.5,17.0,3.0,-14.0,20.0,6.242442,2023,18
2023_18_PHI_NYG,NYG,PHI,23.75,19.25,-4.5,43.0,10.0,27.0,17.0,37.0,-4.613253,2023,18
2023_18_PIT_BAL,BAL,PIT,18.5,15.5,-3.0,34.0,17.0,10.0,-7.0,27.0,12.574611,2023,18
2023_18_SEA_ARI,ARI,SEA,25.25,22.75,-2.5,48.0,21.0,20.0,-1.0,41.0,-8.11186,2023,18
2023_18_TB_CAR,CAR,TB,20.75,15.75,-5.0,36.5,9.0,0.0,-9.0,9.0,-4.032753,2023,18
2024_01_ARI_BUF,BUF,ARI,19.75,26.25,6.5,46.0,28.0,34.0,6.0,62.0,7.356219,2024,01
2024_01_BAL_KC,KC,BAL,21.5,24.5,3.0,46.0,20.0,27.0,7.0,47.0,1.494889,2024,01
2024_01_CAR_NO,NO,CAR,19.0,22.5,3.5,41.5,10.0,47.0,37.0,57.0,12.111876,2024,01
2024_01_DAL_CLE,CLE,DAL,19.75,22.25,2.5,42.0,33.0,17.0,-16.0,50.0,-4.8842263,2024,01
2024_01_DEN_SEA,SEA,DEN,17.75,24.25,6.5,42.0,20.0,26.0,6.0,46.0,-0.114251375,2024,01
2024_01_GB_PHI,PHI,GB,23.75,25.75,2.0,49.5,29.0,34.0,5.0,63.0,-4.820462,2024,01
2024_01_HOU_IND,IND,HOU,26.0,23.0,-3.0,49.0,29.0,27.0,-2.0,56.0,-1.9355512,2024,01
2024_01_JAX_MIA,MIA,JAX,23.0,26.5,3.5,49.5,17.0,20.0,3.0,37.0,4.7385874,2024,01
2024_01_LA_DET,DET,LA,24.5,29.5,5.0,54.0,20.0,26.0,6.0,46.0,2.736549,2024,01
2024_01_LV_LAC,LAC,LV,19.0,22.0,3.0,41.0,10.0,22.0,12.0,32.0,-0.7843406,2024,01
2024_01_MIN_NYG,NYG,MIN,21.75,20.75,-1.0,42.5,28.0,6.0,-22.0,34.0,0.56004024,2024,01
2024_01_NE_CIN,CIN,NE,16.25,24.25,8.0,40.5,16.0,10.0,-6.0,26.0,2.7762494,2024,01
2024_01_NYJ_SF,SF,NYJ,19.75,23.25,3.5,43.0,19.0,32.0,13.0,51.0,11.368151,2024,01
2024_01_PIT_ATL,ATL,PIT,19.5,23.5,4.0,43.0,18.0,10.0,-8.0,28.0,-4.2740197,2024,01
2024_01_TEN_CHI,CHI,TEN,19.5,23.5,4.0,43.0,17.0,24.0,7.0,41.0,5.0854025,2024,01
2024_01_WAS_TB,TB,WAS,19.0,23.0,4.0,42.0,20.0,37.0,17.0,57.0,10.127159,2024,01
2024_02_ATL_PHI,PHI,ATL,20.5,26.0,5.5,46.5,22.0,21.0,-1.0,43.0,1.0313562,2024,02
2024_02_BUF_MIA,MIA,BUF,23.0,25.5,2.5,48.5,31.0,10.0,-21.0,41.0,-2.8460937,2024,02
2024_02_CHI_HOU,HOU,CHI,19.75,25.75,6.0,45.5,13.0,19.0,6.0,32.0,2.3709636,2024,02
2024_02_CIN_KC,KC,CIN,20.5,27.0,6.5,47.5,25.0,26.0,1.0,51.0,3.783367,2024,02
2024_02_CLE_JAX,JAX,CLE,19.25,22.25,3.0,41.5,18.0,13.0,-5.0,31.0,3.4845338,2024,02
2024_02_IND_GB,GB,IND,22.25,19.25,-3.0,41.5,10.0,16.0,6.0,26.0,11.10991,2024,02
2024_02_LAC_CAR,CAR,LAC,22.0,17.0,-5.0,39.0,26.0,3.0,-23.0,29.0,-5.09661,2024,02
2024_02_LA_ARI,ARI,LA,24.25,23.25,-1.0,47.5,10.0,41.0,31.0,51.0,-9.818996,2024,02
2024_02_LV_BAL,BAL,LV,16.0,25.0,9.0,41.0,26.0,23.0,-3.0,49.0,9.579676,2024,02
2024_02_NO_DAL,DAL,NO,20.25,26.75,6.5,47.0,44.0,19.0,-25.0,63.0,5.9075336,2024,02
2024_02_NYG_WAS,WAS,NYG,20.5,22.0,1.5,42.5,18.0,21.0,3.0,39.0,-4.9140654,2024,02
2024_02_NYJ_TEN,TEN,NYJ,22.5,19.0,-3.5,41.5,24.0,17.0,-7.0,41.0,1.6241674,2024,02
2024_02_PIT_DEN,DEN,PIT,19.75,16.75,-3.0,36.5,13.0,6.0,-7.0,19.0,-4.2017903,2024,02
2024_02_SEA_NE,NE,SEA,21.25,17.75,-3.5,39.0,23.0,20.0,-3.0,43.0,-0.60445166,2024,02
2024_02_SF_MIN,MIN,SF,25.5,21.0,-4.5,46.5,17.0,23.0,6.0,40.0,-9.0566,2024,02
2024_02_TB_DET,DET,TB,22.0,29.5,7.5,51.5,20.0,16.0,-4.0,36.0,0.19230628,2024,02
2024_03_BAL_DAL,DAL,BAL,24.5,23.0,-1.5,47.5,28.0,25.0,-3.0,53.0,0.30370474,2024,03
2024_03_CAR_LV,LV,CAR,17.25,22.75,5.5,40.0,36.0,22.0,-14.0,58.0,8.742522,2024,03
2024_03_CHI_IND,IND,CHI,20.75,22.25,1.5,43.0,16.0,21.0,5.0,37.0,-3.1035519,2024,03
2024_03_DEN_TB,TB,DEN,17.25,23.25,6.0,40.5,26.0,7.0,-19.0,33.0,2.4888532,2024,03
2024_03_DET_ARI,ARI,DET,27.25,24.25,-3.0,51.5,20.0,13.0,-7.0,33.0,-6.6709967,2024,03
2024_03_GB_TEN,TEN,GB,17.0,20.0,3.0,37.0,30.0,14.0,-16.0,44.0,-9.508743,2024,03
2024_03_HOU_MIN,MIN,HOU,24.0,22.0,-2.0,46.0,7.0,34.0,27.0,41.0,-5.08132,2024,03
2024_03_JAX_BUF,BUF,JAX,21.25,25.25,4.0,46.5,10.0,47.0,37.0,57.0,10.290087,2024,03
2024_03_KC_ATL,ATL,KC,24.5,21.5,-3.0,46.0,22.0,17.0,-5.0,39.0,-9.479258,2024,03
2024_03_LAC_PIT,PIT,LAC,16.5,19.5,3.0,36.0,10.0,20.0,10.0,30.0,6.33062,2024,03
2024_03_MIA_SEA,SEA,MIA,18.75,22.75,4.0,41.5,3.0,24.0,21.0,27.0,-3.3515563,2024,03
2024_03_NE_NYJ,NYJ,NE,16.25,22.75,6.5,39.0,3.0,24.0,21.0,27.0,1.0361844,2024,03
2024_03_NYG_CLE,CLE,NYG,15.75,22.25,6.5,38.0,21.0,15.0,-6.0,36.0,0.4722674,2024,03
2024_03_PHI_NO,NO,PHI,23.25,25.75,2.5,49.0,15.0,12.0,-3.0,27.0,12.01542,2024,03
2024_03_SF_LA,LA,SF,25.25,19.25,-6.0,44.5,24.0,27.0,3.0,51.0,-3.6960444,2024,03
2024_03_WAS_CIN,CIN,WAS,19.25,26.75,7.5,46.0,38.0,33.0,-5.0,71.0,9.042465,2024,03
